user_id,store city,order total,order size,store id, price/drink ,placed order time (UTC) [DAY],placed order time (UTC),finished prep time (UTC),order picked up time (UTC),day of the week,refund total,rating,Account Created 
2178,city B,$26.0,1,bjdwe, $26.0 ,7,8:00:00 PM,8:13:00 PM,9:10:00 PM,Sunday,$7.0,5,2021
9589,city A,$16.0,1,acjde, $16.0 ,1,1:49:00 AM,2:03:00 AM,2:41:00 AM,Monday,$10.0,4,2022
31,city B,$30.0,2,bjdwe, $15.0 ,7,3:23:00 AM,3:43:00 AM,5:28:00 AM,Sunday,$3.0,2,2022
10342,city C,$29.0,2,wehqk, $14.5 ,6,2:49:00 AM,3:00:00 AM,4:58:00 AM,Saturday,$0.0,5,2020
1901,city B,$27.0,2,bjdwe, $13.5 ,4,11:02:00 PM,11:17:00 PM,12:57:00 AM,Thursday,$4.0,4,2021
53502,city A,$27.0,2,acjde, $13.5 ,6,2:52:00 AM,3:12:00 AM,3:37:00 AM,Saturday,$5.0,2,2021
67988,city C,$26.0,2,wehqk, $13.0 ,3,2:02:00 AM,2:20:00 AM,2:41:00 AM,Wednesday,$0.0,2,2021
24920,city C,$24.0,2,wehqk, $12.0 ,5,3:17:00 AM,3:29:00 AM,5:12:00 AM,Friday,$0.0,1,2020
156835,city B,$24.0,2,bjdwe, $12.0 ,3,4:36:00 AM,4:48:00 AM,6:26:00 AM,Wednesday,$2.0,4,2022
25785,city C,$59.9,5,wehqk, $12.0 ,3,1:38:00 AM,1:52:00 AM,3:33:00 AM,Wednesday,$0.0,2,2019
7112,city A,$12.0,1,acjde, $12.0 ,5,8:03:00 PM,8:14:00 PM,9:27:00 PM,Friday,$11.0,5,2020
76264,city B,$12.0,1,bjdwe, $12.0 ,1,2:50:00 AM,3:01:00 AM,3:28:00 AM,Monday,$5.0,3,2022
93902,city B,$35.9,3,bjdwe, $12.0 ,7,4:19:00 AM,4:32:00 AM,4:36:00 AM,Sunday,$4.0,5,2019
3009,city B,$47.8,4,bjdwe, $11.9 ,6,3:39:00 AM,3:56:00 AM,4:24:00 AM,Saturday,$10.0,2,2020
3213,city B,$47.8,4,bjdwe, $11.9 ,7,8:51:00 PM,9:09:00 PM,10:33:00 PM,Sunday,$3.0,0,2021
3201,city B,$11.9,1,bjdwe, $11.9 ,1,3:31:00 AM,3:46:00 AM,4:51:00 AM,Monday,$8.0,3,2020
93868,city A,$11.9,1,acjde, $11.9 ,7,8:18:00 PM,8:31:00 PM,10:31:00 PM,Sunday,$9.0,4,2019
6711,city B,$59.3,5,bjdwe, $11.9 ,3,1:17:00 AM,1:37:00 AM,1:59:00 AM,Wednesday,$5.0,5,2020
555,city A,$59.0,5,acjde, $11.8 ,7,2:28:00 AM,2:45:00 AM,3:45:00 AM,Sunday,$6.0,2,2021
78887,city A,$59.0,5,acjde, $11.8 ,6,2:47:00 AM,3:00:00 AM,3:04:00 AM,Saturday,$9.0,3,2020
8703,city A,$59.0,5,acjde, $11.8 ,2,8:50:00 PM,9:03:00 PM,10:50:00 PM,Tuesday,$4.0,5,2021
68267,city B,$59.0,5,bjdwe, $11.8 ,6,8:06:00 PM,8:26:00 PM,9:10:00 PM,Saturday,$1.0,0,2020
1719,city A,$11.8,1,acjde, $11.8 ,2,4:22:00 AM,4:35:00 AM,6:06:00 AM,Tuesday,$9.0,4,2019
45711,city A,$11.8,1,acjde, $11.8 ,4,2:54:00 AM,3:06:00 AM,3:40:00 AM,Thursday,$4.0,3,2021
101672,city B,$58.8,5,bjdwe, $11.8 ,4,2:15:00 AM,2:34:00 AM,3:33:00 AM,Thursday,$1.0,2,2019
16060,city A,$58.8,5,acjde, $11.8 ,6,2:15:00 AM,2:35:00 AM,3:08:00 AM,Saturday,$1.0,0,2021
9110,city C,$23.5,2,wehqk, $11.8 ,5,6:50:00 PM,7:06:00 PM,8:31:00 PM,Friday,$7.0,2,2019
86243,city A,$23.5,2,acjde, $11.8 ,6,7:29:00 PM,7:43:00 PM,8:05:00 PM,Saturday,$10.0,3,2022
4187,city C,$23.5,2,wehqk, $11.8 ,5,3:34:00 AM,3:50:00 AM,5:07:00 AM,Friday,$7.0,4,2021
60094,city C,$23.4,2,wehqk, $11.7 ,1,3:10:00 AM,3:29:00 AM,4:09:00 AM,Monday,$9.0,0,2020
79156,city A,$23.4,2,acjde, $11.7 ,7,11:43:00 PM,11:56:00 PM,1:42:00 AM,Sunday,$2.0,4,2022
54477,city C,$23.4,2,wehqk, $11.7 ,5,11:19:00 PM,11:34:00 PM,1:15:00 AM,Friday,$9.0,0,2021
197628,city A,$69.9,6,acjde, $11.7 ,5,2:09:00 AM,2:25:00 AM,4:18:00 AM,Friday,$7.0,0,2019
79146,city B,$23.2,2,bjdwe, $11.6 ,5,2:57:00 AM,3:08:00 AM,4:29:00 AM,Friday,$5.0,5,2020
100052,city C,$23.2,2,wehqk, $11.6 ,6,8:46:00 PM,8:58:00 PM,10:15:00 PM,Saturday,$8.0,1,2022
61738,city A,$11.6,1,acjde, $11.6 ,1,2:47:00 AM,3:03:00 AM,4:58:00 AM,Monday,$8.0,1,2022
85535,city C,$11.6,1,wehqk, $11.6 ,6,1:08:00 AM,1:26:00 AM,1:30:00 AM,Saturday,$3.0,1,2022
26789,city C,$34.6,3,wehqk, $11.5 ,7,6:47:00 PM,6:58:00 PM,8:04:00 PM,Sunday,$6.0,5,2019
103300,city B,$23.0,2,bjdwe, $11.5 ,7,3:25:00 AM,3:37:00 AM,5:31:00 AM,Sunday,$6.0,5,2020
98888,city B,$57.3,5,bjdwe, $11.5 ,5,4:28:00 AM,4:43:00 AM,5:50:00 AM,Friday,$4.0,0,2021
1457,city C,$57.3,5,wehqk, $11.5 ,2,4:20:00 AM,4:40:00 AM,6:28:00 AM,Tuesday,$2.0,2,2021
78549,city B,$45.8,4,bjdwe, $11.5 ,2,8:20:00 PM,8:32:00 PM,10:15:00 PM,Tuesday,$10.0,5,2019
114,city A,$45.8,4,acjde, $11.5 ,3,3:02:00 AM,3:15:00 AM,3:21:00 AM,Wednesday,$6.0,0,2020
9110,city C,$11.4,1,wehqk, $11.4 ,2,2:14:00 AM,2:32:00 AM,3:04:00 AM,Tuesday,$10.0,0,2019
1388,city C,$11.4,1,wehqk, $11.4 ,7,2:23:00 AM,2:38:00 AM,3:57:00 AM,Sunday,$10.0,3,2021
74371,city B,$11.4,1,bjdwe, $11.4 ,7,2:19:00 AM,2:37:00 AM,4:12:00 AM,Sunday,$9.0,1,2019
13496,city C,$11.4,1,wehqk, $11.4 ,5,3:36:00 AM,3:52:00 AM,5:36:00 AM,Friday,$6.0,5,2022
92300,city A,$11.3,1,acjde, $11.3 ,4,4:07:00 AM,4:25:00 AM,6:01:00 AM,Thursday,$8.0,2,2020
14189,city B,$11.3,1,bjdwe, $11.3 ,4,8:23:00 PM,8:41:00 PM,10:09:00 PM,Thursday,$2.0,4,2020
28366,city C,$11.3,1,wehqk, $11.3 ,7,4:05:00 AM,4:18:00 AM,6:12:00 AM,Sunday,$10.0,5,2019
2541,city C,$11.3,1,wehqk, $11.3 ,1,3:12:00 AM,3:27:00 AM,5:01:00 AM,Monday,$10.0,1,2019
79156,city A,$11.3,1,acjde, $11.3 ,6,4:50:00 AM,5:01:00 AM,6:50:00 AM,Saturday,$7.0,5,2022
106885,city C,$11.3,1,wehqk, $11.3 ,6,8:52:00 PM,9:06:00 PM,10:08:00 PM,Saturday,$4.0,1,2020
6184,city B,$11.3,1,bjdwe, $11.3 ,1,7:45:00 PM,7:58:00 PM,8:22:00 PM,Monday,$7.0,5,2019
25076,city B,$11.3,1,bjdwe, $11.3 ,6,2:00:00 AM,2:12:00 AM,2:20:00 AM,Saturday,$10.0,4,2021
11083,city C,$11.3,1,wehqk, $11.3 ,5,8:08:00 PM,8:25:00 PM,10:10:00 PM,Friday,$8.0,1,2021
12511,city A,$11.3,1,acjde, $11.3 ,3,8:33:00 PM,8:46:00 PM,10:25:00 PM,Wednesday,$5.0,5,2021
19446,city B,$67.5,6,bjdwe, $11.3 ,1,2:30:00 AM,2:45:00 AM,3:57:00 AM,Monday,$1.0,4,2020
75010,city B,$45.0,4,bjdwe, $11.2 ,2,4:29:00 AM,4:42:00 AM,6:14:00 AM,Tuesday,$2.0,0,2019
68236,city A,$45.0,4,acjde, $11.2 ,6,3:29:00 AM,3:46:00 AM,3:55:00 AM,Saturday,$4.0,0,2020
28366,city C,$56.2,5,wehqk, $11.2 ,7,2:40:00 AM,2:59:00 AM,3:31:00 AM,Sunday,$7.0,1,2019
1608,city A,$56.2,5,acjde, $11.2 ,1,7:23:00 PM,7:35:00 PM,8:26:00 PM,Monday,$2.0,3,2019
9796,city C,$11.2,1,wehqk, $11.2 ,6,2:26:00 AM,2:46:00 AM,4:14:00 AM,Saturday,$3.0,1,2021
91848,city B,$11.2,1,bjdwe, $11.2 ,5,4:04:00 AM,4:18:00 AM,4:57:00 AM,Friday,$6.0,4,2019
11324,city C,$11.2,1,wehqk, $11.2 ,3,5:02:00 AM,5:16:00 AM,5:51:00 AM,Wednesday,$5.0,4,2022
113424,city B,$11.2,1,bjdwe, $11.2 ,5,2:15:00 AM,2:30:00 AM,3:40:00 AM,Friday,$4.0,2,2019
190380,city B,$11.2,1,bjdwe, $11.2 ,6,7:35:00 PM,7:47:00 PM,9:09:00 PM,Saturday,$7.0,4,2020
12742,city C,$11.2,1,wehqk, $11.2 ,3,8:20:00 PM,8:38:00 PM,10:20:00 PM,Wednesday,$4.0,0,2019
190931,city A,$11.2,1,acjde, $11.2 ,5,8:03:00 PM,8:15:00 PM,8:51:00 PM,Friday,$4.0,5,2022
34113,city B,$11.2,1,bjdwe, $11.2 ,3,8:15:00 PM,8:31:00 PM,8:37:00 PM,Wednesday,$2.0,0,2019
8114,city A,$89.2,8,acjde, $11.2 ,4,3:39:00 AM,3:59:00 AM,5:57:00 AM,Thursday,$10.0,0,2019
68187,city A,$22.3,2,acjde, $11.2 ,3,3:45:00 AM,4:02:00 AM,4:50:00 AM,Wednesday,$10.0,4,2021
33389,city C,$89.2,8,wehqk, $11.2 ,6,8:20:00 PM,8:34:00 PM,8:52:00 PM,Saturday,$1.0,3,2019
75107,city B,$89.2,8,bjdwe, $11.2 ,6,6:38:00 PM,6:52:00 PM,8:48:00 PM,Saturday,$4.0,1,2021
7210,city A,$77.8,7,acjde, $11.1 ,4,1:55:00 AM,2:06:00 AM,2:37:00 AM,Thursday,$1.0,5,2022
4484,city C,$77.8,7,wehqk, $11.1 ,3,3:33:00 AM,3:44:00 AM,4:35:00 AM,Wednesday,$10.0,4,2020
5189,city A,$22.2,2,acjde, $11.1 ,3,2:18:00 AM,2:33:00 AM,4:29:00 AM,Wednesday,$9.0,4,2022
106885,city C,$22.2,2,wehqk, $11.1 ,6,2:20:00 AM,2:35:00 AM,2:58:00 AM,Saturday,$2.0,4,2020
192310,city B,$99.2,9,bjdwe, $11.0 ,1,10:27:00 PM,10:42:00 PM,12:35:00 AM,Monday,$9.0,2,2020
13595,city B,$99.2,9,bjdwe, $11.0 ,1,6:45:00 PM,7:01:00 PM,7:12:00 PM,Monday,$10.0,0,2020
3201,city B,$99.2,9,bjdwe, $11.0 ,1,3:03:00 AM,3:18:00 AM,4:24:00 AM,Monday,$4.0,5,2020
106572,city C,$99.2,9,wehqk, $11.0 ,3,9:57:00 PM,10:08:00 PM,10:18:00 PM,Wednesday,$10.0,4,2019
28366,city C,$99.2,9,wehqk, $11.0 ,1,9:47:00 PM,10:07:00 PM,10:50:00 PM,Monday,$8.0,1,2019
4432,city C,$99.1,9,wehqk, $11.0 ,3,2:25:00 AM,2:40:00 AM,3:50:00 AM,Wednesday,$1.0,4,2020
33920,city C,$99.1,9,wehqk, $11.0 ,7,8:28:00 PM,8:45:00 PM,10:09:00 PM,Sunday,$5.0,0,2021
5673,city C,$99.1,9,wehqk, $11.0 ,6,2:44:00 AM,3:04:00 AM,3:36:00 AM,Saturday,$9.0,2,2020
2840,city C,$99.1,9,wehqk, $11.0 ,6,2:34:00 AM,2:49:00 AM,3:45:00 AM,Saturday,$8.0,4,2019
1634,city C,$99.1,9,wehqk, $11.0 ,1,8:16:00 PM,8:30:00 PM,8:57:00 PM,Monday,$4.0,3,2019
17146,city B,$22.0,2,bjdwe, $11.0 ,5,4:30:00 AM,4:48:00 AM,6:14:00 AM,Friday,$4.0,4,2022
86464,city A,$87.8,8,acjde, $11.0 ,5,2:35:00 AM,2:53:00 AM,3:14:00 AM,Friday,$4.0,2,2019
75010,city B,$87.8,8,bjdwe, $11.0 ,3,11:39:00 PM,11:53:00 PM,1:23:00 AM,Wednesday,$6.0,4,2019
2011,city B,$87.8,8,bjdwe, $11.0 ,2,6:09:00 PM,6:28:00 PM,6:33:00 PM,Tuesday,$2.0,0,2022
197636,city C,$21.9,2,wehqk, $11.0 ,5,2:36:00 AM,2:52:00 AM,3:20:00 AM,Friday,$10.0,1,2020
14043,city C,$43.7,4,wehqk, $10.9 ,1,8:43:00 PM,8:56:00 PM,10:36:00 PM,Monday,$6.0,4,2022
27736,city A,$43.7,4,acjde, $10.9 ,6,8:36:00 PM,8:47:00 PM,10:06:00 PM,Saturday,$5.0,4,2019
2639,city C,$76.5,7,wehqk, $10.9 ,5,3:48:00 AM,4:02:00 AM,4:41:00 AM,Friday,$8.0,3,2022
9350,city B,$76.5,7,bjdwe, $10.9 ,1,7:29:00 PM,7:44:00 PM,8:36:00 PM,Monday,$10.0,0,2021
2474,city A,$43.6,4,acjde, $10.9 ,7,4:13:00 AM,4:24:00 AM,4:52:00 AM,Sunday,$10.0,4,2019
6528,city A,$43.6,4,acjde, $10.9 ,5,8:24:00 PM,8:38:00 PM,9:26:00 PM,Friday,$9.0,2,2019
8574,city A,$65.0,6,acjde, $10.8 ,3,1:11:00 AM,1:25:00 AM,2:56:00 AM,Wednesday,$7.0,0,2019
87244,city C,$43.3,4,wehqk, $10.8 ,3,10:13:00 PM,10:25:00 PM,11:47:00 PM,Wednesday,$4.0,4,2022
157073,city B,$43.3,4,bjdwe, $10.8 ,7,8:21:00 PM,8:34:00 PM,9:01:00 PM,Sunday,$6.0,1,2019
899,city C,$97.4,9,wehqk, $10.8 ,1,2:37:00 AM,2:50:00 AM,4:16:00 AM,Monday,$10.0,5,2022
5210,city C,$97.4,9,wehqk, $10.8 ,5,11:18:00 PM,11:37:00 PM,1:28:00 AM,Friday,$7.0,0,2020
1388,city C,$97.4,9,wehqk, $10.8 ,4,7:44:00 PM,7:59:00 PM,8:26:00 PM,Thursday,$6.0,3,2021
90134,city B,$97.4,9,bjdwe, $10.8 ,7,6:56:00 PM,7:13:00 PM,8:29:00 PM,Sunday,$9.0,1,2019
103300,city B,$97.4,9,bjdwe, $10.8 ,3,10:03:00 PM,10:23:00 PM,12:05:00 AM,Wednesday,$5.0,0,2020
8076,city B,$97.3,9,bjdwe, $10.8 ,6,11:35:00 PM,11:51:00 PM,12:21:00 AM,Saturday,$1.0,1,2019
13975,city B,$97.3,9,bjdwe, $10.8 ,4,6:32:00 PM,6:45:00 PM,7:39:00 PM,Thursday,$1.0,5,2021
88854,city B,$97.3,9,bjdwe, $10.8 ,6,4:08:00 AM,4:25:00 AM,5:30:00 AM,Saturday,$8.0,0,2022
1189,city A,$97.3,9,acjde, $10.8 ,6,3:04:00 AM,3:24:00 AM,4:40:00 AM,Saturday,$10.0,1,2020
8574,city A,$97.3,9,acjde, $10.8 ,5,8:37:00 PM,8:52:00 PM,9:03:00 PM,Friday,$1.0,3,2019
3005,city B,$10.8,1,bjdwe, $10.8 ,2,1:53:00 AM,2:07:00 AM,4:04:00 AM,Tuesday,$3.0,2,2022
66730,city C,$10.8,1,wehqk, $10.8 ,1,1:39:00 AM,1:51:00 AM,1:55:00 AM,Monday,$9.0,3,2020
106159,city B,$10.8,1,bjdwe, $10.8 ,3,1:19:00 AM,1:36:00 AM,2:46:00 AM,Wednesday,$4.0,0,2021
74479,city C,$10.8,1,wehqk, $10.8 ,7,8:10:00 PM,8:30:00 PM,9:05:00 PM,Sunday,$2.0,1,2020
7151,city B,$10.8,1,bjdwe, $10.8 ,1,7:43:00 PM,7:56:00 PM,8:31:00 PM,Monday,$8.0,5,2021
62969,city A,$10.8,1,acjde, $10.8 ,3,8:15:00 PM,8:34:00 PM,9:58:00 PM,Wednesday,$6.0,1,2021
90558,city A,$10.8,1,acjde, $10.8 ,6,8:30:00 PM,8:42:00 PM,10:05:00 PM,Saturday,$8.0,4,2021
95807,city C,$10.8,1,wehqk, $10.8 ,3,8:03:00 PM,8:20:00 PM,9:11:00 PM,Wednesday,$9.0,2,2022
3392,city B,$10.8,1,bjdwe, $10.8 ,3,7:10:00 PM,7:27:00 PM,8:57:00 PM,Wednesday,$3.0,1,2020
113389,city B,$10.8,1,bjdwe, $10.8 ,2,3:05:00 AM,3:24:00 AM,4:25:00 AM,Tuesday,$10.0,2,2021
74880,city B,$10.8,1,bjdwe, $10.8 ,4,6:01:00 PM,6:19:00 PM,7:12:00 PM,Thursday,$7.0,5,2021
5107,city A,$10.8,1,acjde, $10.8 ,6,8:37:00 PM,8:57:00 PM,10:18:00 PM,Saturday,$8.0,0,2020
9959,city A,$10.8,1,acjde, $10.8 ,4,2:50:00 AM,3:08:00 AM,3:58:00 AM,Thursday,$5.0,3,2021
8114,city A,$10.8,1,acjde, $10.8 ,2,3:58:00 AM,4:15:00 AM,5:14:00 AM,Tuesday,$1.0,4,2019
489,city A,$10.8,1,acjde, $10.8 ,7,3:44:00 AM,3:56:00 AM,4:27:00 AM,Sunday,$2.0,4,2019
35636,city B,$10.8,1,bjdwe, $10.8 ,1,3:18:00 AM,3:34:00 AM,4:16:00 AM,Monday,$1.0,2,2020
82591,city A,$10.8,1,acjde, $10.8 ,1,9:34:00 PM,9:45:00 PM,10:32:00 PM,Monday,$5.0,3,2022
3528,city C,$10.8,1,wehqk, $10.8 ,5,8:20:00 PM,8:38:00 PM,10:00:00 PM,Friday,$6.0,2,2019
29565,city C,$10.8,1,wehqk, $10.8 ,1,12:08:00 AM,12:28:00 AM,1:31:00 AM,Monday,$9.0,2,2020
106159,city B,$10.8,1,bjdwe, $10.8 ,4,12:10:00 AM,12:22:00 AM,2:12:00 AM,Thursday,$4.0,5,2021
195630,city C,$10.8,1,wehqk, $10.8 ,3,7:13:00 PM,7:27:00 PM,9:12:00 PM,Wednesday,$5.0,0,2021
157229,city A,$10.8,1,acjde, $10.8 ,2,2:33:00 AM,2:51:00 AM,4:15:00 AM,Tuesday,$6.0,1,2020
899,city C,$10.8,1,wehqk, $10.8 ,6,8:07:00 PM,8:23:00 PM,8:33:00 PM,Saturday,$2.0,5,2022
6621,city A,$10.8,1,acjde, $10.8 ,4,5:55:00 AM,6:14:00 AM,7:22:00 AM,Thursday,$10.0,2,2019
108626,city B,$10.8,1,bjdwe, $10.8 ,5,5:07:00 AM,5:21:00 AM,6:49:00 AM,Friday,$2.0,4,2022
6047,city A,$97.1,9,acjde, $10.8 ,1,3:05:00 AM,3:18:00 AM,4:52:00 AM,Monday,$7.0,0,2022
102495,city B,$97.1,9,bjdwe, $10.8 ,3,2:39:00 AM,2:59:00 AM,4:46:00 AM,Wednesday,$5.0,0,2021
60094,city C,$97.1,9,wehqk, $10.8 ,4,8:45:00 PM,9:03:00 PM,9:46:00 PM,Thursday,$3.0,4,2020
102289,city A,$97.1,9,acjde, $10.8 ,7,8:04:00 PM,8:18:00 PM,9:58:00 PM,Sunday,$9.0,3,2020
3016,city A,$97.1,9,acjde, $10.8 ,7,5:30:00 AM,5:41:00 AM,6:16:00 AM,Sunday,$8.0,4,2020
79156,city A,$75.4,7,acjde, $10.8 ,6,3:26:00 AM,3:44:00 AM,5:40:00 AM,Saturday,$3.0,5,2022
104967,city A,$75.4,7,acjde, $10.8 ,7,7:31:00 PM,7:42:00 PM,9:25:00 PM,Sunday,$4.0,3,2022
8688,city C,$53.8,5,wehqk, $10.8 ,5,7:03:00 PM,7:20:00 PM,9:15:00 PM,Friday,$5.0,2,2020
113389,city B,$53.8,5,bjdwe, $10.8 ,4,1:52:00 AM,2:11:00 AM,4:06:00 AM,Thursday,$3.0,2,2021
1895,city B,$43.0,4,bjdwe, $10.8 ,6,3:58:00 AM,4:13:00 AM,5:41:00 AM,Saturday,$8.0,3,2021
79156,city A,$43.0,4,acjde, $10.8 ,2,8:42:00 PM,8:56:00 PM,9:27:00 PM,Tuesday,$2.0,3,2022
14495,city C,$10.7,1,wehqk, $10.7 ,7,11:02:00 PM,11:19:00 PM,12:31:00 AM,Sunday,$1.0,2,2019
5757,city B,$10.7,1,bjdwe, $10.7 ,4,8:51:00 PM,9:08:00 PM,9:48:00 PM,Thursday,$1.0,3,2022
108285,city C,$10.7,1,wehqk, $10.7 ,7,3:24:00 AM,3:42:00 AM,5:39:00 AM,Sunday,$10.0,1,2019
88846,city A,$10.7,1,acjde, $10.7 ,6,3:13:00 AM,3:31:00 AM,4:44:00 AM,Saturday,$8.0,3,2020
41031,city C,$10.7,1,wehqk, $10.7 ,2,3:49:00 AM,4:05:00 AM,5:15:00 AM,Tuesday,$4.0,4,2019
194709,city B,$10.7,1,bjdwe, $10.7 ,4,5:25:00 AM,5:41:00 AM,7:26:00 AM,Thursday,$7.0,3,2022
85535,city C,$10.7,1,wehqk, $10.7 ,1,9:25:00 PM,9:40:00 PM,10:56:00 PM,Monday,$7.0,5,2022
3261,city A,$10.7,1,acjde, $10.7 ,5,8:48:00 PM,9:06:00 PM,9:23:00 PM,Friday,$5.0,0,2021
4059,city B,$10.7,1,bjdwe, $10.7 ,6,6:20:00 PM,6:37:00 PM,6:45:00 PM,Saturday,$3.0,4,2020
8755,city A,$10.7,1,acjde, $10.7 ,1,8:02:00 PM,8:18:00 PM,9:00:00 PM,Monday,$2.0,4,2021
9923,city B,$10.7,1,bjdwe, $10.7 ,6,8:04:00 PM,8:21:00 PM,9:00:00 PM,Saturday,$2.0,0,2019
196384,city A,$10.7,1,acjde, $10.7 ,2,9:18:00 PM,9:37:00 PM,10:01:00 PM,Tuesday,$5.0,1,2021
83814,city A,$53.4,5,acjde, $10.7 ,2,4:50:00 AM,5:10:00 AM,5:30:00 AM,Tuesday,$9.0,2,2019
14965,city B,$53.4,5,bjdwe, $10.7 ,2,3:53:00 AM,4:04:00 AM,5:00:00 AM,Tuesday,$4.0,3,2022
3891,city A,$42.7,4,acjde, $10.7 ,5,4:28:00 AM,4:42:00 AM,5:28:00 AM,Friday,$3.0,2,2022
83710,city B,$42.7,4,bjdwe, $10.7 ,3,12:57:00 AM,1:10:00 AM,2:01:00 AM,Wednesday,$5.0,4,2020
4100,city A,$53.2,5,acjde, $10.6 ,3,2:30:00 AM,2:47:00 AM,3:05:00 AM,Wednesday,$4.0,2,2021
12030,city B,$53.2,5,bjdwe, $10.6 ,2,1:07:00 AM,1:19:00 AM,2:57:00 AM,Tuesday,$3.0,3,2019
3913,city A,$10.6,1,acjde, $10.6 ,2,2:01:00 AM,2:12:00 AM,4:06:00 AM,Tuesday,$3.0,5,2022
156692,city C,$10.6,1,wehqk, $10.6 ,7,2:55:00 AM,3:09:00 AM,4:54:00 AM,Sunday,$1.0,2,2022
1424,city C,$10.6,1,wehqk, $10.6 ,1,2:24:00 AM,2:38:00 AM,3:10:00 AM,Monday,$6.0,4,2020
28879,city A,$31.8,3,acjde, $10.6 ,4,6:47:00 PM,7:06:00 PM,7:34:00 PM,Thursday,$8.0,0,2020
17297,city C,$63.3,6,wehqk, $10.5 ,4,3:41:00 AM,3:59:00 AM,4:15:00 AM,Thursday,$8.0,2,2022
2405,city B,$73.7,7,bjdwe, $10.5 ,2,1:12:00 AM,1:31:00 AM,2:46:00 AM,Tuesday,$9.0,1,2019
86243,city A,$73.7,7,acjde, $10.5 ,1,2:13:00 AM,2:28:00 AM,4:05:00 AM,Monday,$4.0,5,2022
88854,city B,$200.0,19,bjdwe, $10.5 ,7,2:10:00 AM,2:21:00 AM,3:01:00 AM,Sunday,$8.0,3,2022
82994,city C,$200.0,19,wehqk, $10.5 ,3,4:22:00 AM,4:38:00 AM,5:41:00 AM,Wednesday,$8.0,0,2021
87244,city C,$200.0,19,wehqk, $10.5 ,5,3:57:00 AM,4:09:00 AM,5:35:00 AM,Friday,$6.0,5,2022
10415,city B,$63.0,6,bjdwe, $10.5 ,4,2:04:00 AM,2:17:00 AM,4:01:00 AM,Thursday,$8.0,0,2021
3213,city B,$31.5,3,bjdwe, $10.5 ,7,2:58:00 AM,3:06:00 AM,4:09:00 AM,Sunday,$6.0,3,2021
190419,city C,$21.0,2,wehqk, $10.5 ,2,2:00:00 AM,2:10:00 AM,2:21:00 AM,Tuesday,$3.0,1,2020
60094,city C,$21.0,2,wehqk, $10.5 ,7,3:36:00 AM,3:47:00 AM,4:25:00 AM,Sunday,$7.0,1,2020
44301,city B,$21.0,2,bjdwe, $10.5 ,4,8:11:00 PM,8:23:00 PM,8:47:00 PM,Thursday,$5.0,0,2020
13125,city C,$52.4,5,wehqk, $10.5 ,3,2:32:00 AM,2:41:00 AM,4:35:00 AM,Wednesday,$9.0,3,2022
5518,city A,$52.4,5,acjde, $10.5 ,4,8:28:00 PM,8:38:00 PM,10:31:00 PM,Thursday,$10.0,2,2021
16060,city A,$20.9,2,acjde, $10.5 ,1,7:04:00 PM,7:15:00 PM,7:43:00 PM,Monday,$3.0,1,2021
4100,city A,$20.9,2,acjde, $10.5 ,6,7:00:00 PM,7:11:00 PM,9:03:00 PM,Saturday,$6.0,4,2021
10673,city A,$20.9,2,acjde, $10.5 ,7,1:30:00 AM,1:40:00 AM,2:56:00 AM,Sunday,$4.0,4,2020
11815,city C,$20.9,2,wehqk, $10.5 ,7,12:57:00 AM,1:06:00 AM,2:54:00 AM,Sunday,$4.0,3,2019
1396,city A,$31.2,3,acjde, $10.4 ,3,2:56:00 AM,3:06:00 AM,4:19:00 AM,Wednesday,$4.0,1,2021
83971,city C,$20.8,2,wehqk, $10.4 ,6,8:35:00 PM,8:41:00 PM,9:34:00 PM,Saturday,$0.0,4,2019
1396,city A,$20.8,2,acjde, $10.4 ,5,8:44:00 PM,8:53:00 PM,9:03:00 PM,Friday,$4.0,1,2021
81869,city A,$83.0,8,acjde, $10.4 ,4,8:43:00 PM,8:49:00 PM,10:17:00 PM,Thursday,$0.0,4,2019
2576,city A,$83.0,8,acjde, $10.4 ,6,7:12:00 PM,7:20:00 PM,8:21:00 PM,Saturday,$4.0,2,2020
13631,city B,$83.0,8,bjdwe, $10.4 ,5,4:29:00 AM,4:35:00 AM,5:49:00 AM,Friday,$10.0,3,2021
113471,city B,$31.1,3,bjdwe, $10.4 ,3,9:21:00 PM,9:30:00 PM,9:49:00 PM,Wednesday,$6.0,0,2022
10953,city A,$41.4,4,acjde, $10.3 ,7,2:21:00 AM,2:26:00 AM,2:40:00 AM,Sunday,$0.0,4,2022
14573,city A,$41.4,4,acjde, $10.3 ,6,9:34:00 PM,9:38:00 PM,10:41:00 PM,Saturday,$2.0,5,2021
5962,city B,$71.9,7,bjdwe, $10.3 ,4,1:45:00 AM,1:54:00 AM,3:51:00 AM,Thursday,$10.0,0,2019
64488,city B,$71.9,7,bjdwe, $10.3 ,6,2:04:00 AM,2:14:00 AM,4:13:00 AM,Saturday,$9.0,1,2020
5403,city B,$20.5,2,bjdwe, $10.3 ,1,11:35:00 PM,11:41:00 PM,11:58:00 PM,Monday,$1.0,2,2021
552,city C,$20.2,2,wehqk, $10.1 ,1,10:46:00 PM,10:51:00 PM,11:05:00 PM,Monday,$1.0,3,2021
60159,city C,$80.8,8,wehqk, $10.1 ,1,2:30:00 AM,2:34:00 AM,2:36:00 AM,Monday,$1.0,5,2021
3009,city B,$80.8,8,bjdwe, $10.1 ,3,3:57:00 AM,4:02:00 AM,4:07:00 AM,Wednesday,$4.0,0,2020
83205,city C,$80.8,8,wehqk, $10.1 ,2,8:10:00 PM,8:21:00 PM,8:59:00 PM,Tuesday,$4.0,1,2019
6710,city A,$30.3,3,acjde, $10.1 ,7,2:48:00 AM,2:54:00 AM,4:52:00 AM,Sunday,$0.0,4,2020
4010,city B,$30.3,3,bjdwe, $10.1 ,5,8:07:00 PM,8:15:00 PM,8:36:00 PM,Friday,$9.0,3,2022
10052,city A,$90.5,9,acjde, $10.1 ,1,4:22:00 AM,4:30:00 AM,4:43:00 AM,Monday,$10.0,0,2021
71624,city B,$90.5,9,bjdwe, $10.1 ,7,8:51:00 PM,9:02:00 PM,9:44:00 PM,Sunday,$9.0,1,2021
33920,city C,$90.5,9,wehqk, $10.1 ,5,2:15:00 AM,2:23:00 AM,3:31:00 AM,Friday,$4.0,3,2021
10294,city C,$90.5,9,wehqk, $10.1 ,4,8:20:00 PM,8:27:00 PM,9:42:00 PM,Thursday,$10.0,3,2021
1011,city B,$90.5,9,bjdwe, $10.1 ,4,3:53:00 AM,4:02:00 AM,5:06:00 AM,Thursday,$4.0,2,2022
2512,city C,$40.2,4,wehqk, $10.1 ,2,3:10:00 AM,3:18:00 AM,4:35:00 AM,Tuesday,$0.0,4,2020
4092,city B,$40.2,4,bjdwe, $10.1 ,7,9:04:00 PM,9:09:00 PM,10:33:00 PM,Sunday,$10.0,3,2019
3964,city A,$90.4,9,acjde, $10.0 ,6,2:13:00 AM,2:18:00 AM,3:17:00 AM,Saturday,$4.0,5,2022
13958,city A,$90.4,9,acjde, $10.0 ,3,7:42:00 PM,7:53:00 PM,8:09:00 PM,Wednesday,$4.0,1,2022
4983,city A,$90.4,9,acjde, $10.0 ,2,6:55:00 PM,7:04:00 PM,7:13:00 PM,Tuesday,$0.0,4,2020
97649,city A,$90.4,9,acjde, $10.0 ,1,9:25:00 PM,9:34:00 PM,10:52:00 PM,Monday,$0.0,3,2020
6502,city C,$90.4,9,wehqk, $10.0 ,5,6:24:00 PM,6:34:00 PM,7:08:00 PM,Friday,$10.0,0,2021
48895,city A,$80.1,8,acjde, $10.0 ,2,3:42:00 AM,3:46:00 AM,4:50:00 AM,Tuesday,$4.0,5,2020
959,city C,$80.1,8,wehqk, $10.0 ,1,8:49:00 PM,8:59:00 PM,9:26:00 PM,Monday,$3.0,0,2020
12300,city C,$80.1,8,wehqk, $10.0 ,4,2:05:00 AM,2:13:00 AM,3:40:00 AM,Thursday,$0.0,3,2019
9512,city A,$30.0,3,acjde, $10.0 ,6,8:18:00 PM,8:27:00 PM,8:59:00 PM,Saturday,$0.0,1,2020
2562,city A,$90.0,9,acjde, $10.0 ,5,8:17:00 PM,8:22:00 PM,10:04:00 PM,Friday,$0.0,4,2020
95807,city C,$30.0,3,wehqk, $10.0 ,3,2:56:00 AM,3:00:00 AM,4:47:00 AM,Wednesday,$0.0,5,2022
92490,city C,$30.0,3,wehqk, $10.0 ,1,1:47:00 AM,1:53:00 AM,3:41:00 AM,Monday,$0.0,4,2021
3006,city A,$30.0,3,acjde, $10.0 ,3,3:24:00 AM,3:29:00 AM,5:03:00 AM,Wednesday,$0.0,3,2020
199819,city A,$20.0,2,acjde, $10.0 ,5,7:50:00 PM,7:59:00 PM,8:27:00 PM,Friday,$0.0,3,2021
106159,city B,$20.0,2,bjdwe, $10.0 ,2,4:09:00 AM,4:19:00 AM,5:08:00 AM,Tuesday,$0.0,3,2021
98888,city B,$20.0,2,bjdwe, $10.0 ,3,2:01:00 AM,2:06:00 AM,3:01:00 AM,Wednesday,$0.0,5,2021
114,city A,$20.0,2,acjde, $10.0 ,5,10:21:00 PM,10:28:00 PM,10:47:00 PM,Friday,$0.0,3,2020
1747,city B,$20.0,2,bjdwe, $10.0 ,7,7:56:00 PM,8:07:00 PM,9:34:00 PM,Sunday,$0.0,3,2021
12708,city C,$90.0,9,wehqk, $10.0 ,6,3:18:00 AM,3:24:00 AM,5:13:00 AM,Saturday,$0.0,5,2019
24920,city C,$90.0,9,wehqk, $10.0 ,3,4:26:00 AM,4:36:00 AM,5:41:00 AM,Wednesday,$0.0,4,2020
83971,city C,$90.0,9,wehqk, $10.0 ,7,2:33:00 AM,2:37:00 AM,4:04:00 AM,Sunday,$0.0,4,2019
29565,city C,$90.0,9,wehqk, $10.0 ,1,4:00:00 AM,4:04:00 AM,5:11:00 AM,Monday,$0.0,3,2020
91627,city B,$30.0,3,bjdwe, $10.0 ,7,8:46:00 PM,8:55:00 PM,9:53:00 PM,Sunday,$0.0,4,2019
2011,city B,$69.9,7,bjdwe, $10.0 ,7,2:21:00 AM,2:28:00 AM,3:35:00 AM,Sunday,$0.0,4,2022
199572,city B,$69.9,7,bjdwe, $10.0 ,7,3:12:00 AM,3:20:00 AM,5:09:00 AM,Sunday,$0.0,5,2022
6081,city A,$30.0,3,acjde, $10.0 ,4,8:40:00 PM,8:47:00 PM,10:03:00 PM,Thursday,$0.0,4,2019
3392,city B,$59.9,6,bjdwe, $10.0 ,1,10:29:00 PM,10:39:00 PM,11:07:00 PM,Monday,$0.0,3,2020
8703,city A,$89.6,9,acjde, $10.0 ,2,1:34:00 AM,1:43:00 AM,1:44:00 AM,Tuesday,$0.0,5,2021
79435,city A,$89.6,9,acjde, $10.0 ,3,4:20:00 AM,4:24:00 AM,4:47:00 AM,Wednesday,$0.0,3,2022
6710,city A,$89.6,9,acjde, $10.0 ,1,2:22:00 AM,2:28:00 AM,4:12:00 AM,Monday,$0.0,4,2020
3433,city C,$89.6,9,wehqk, $10.0 ,7,5:51:00 AM,6:00:00 AM,7:35:00 AM,Sunday,$0.0,4,2022
6245,city B,$89.6,9,bjdwe, $10.0 ,3,3:11:00 AM,3:15:00 AM,3:59:00 AM,Wednesday,$0.0,3,2022
5538,city B,$39.8,4,bjdwe, $10.0 ,7,4:14:00 AM,4:18:00 AM,6:05:00 AM,Sunday,$0.0,5,2020
7200,city C,$39.8,4,wehqk, $10.0 ,2,9:09:00 PM,9:18:00 PM,10:53:00 PM,Tuesday,$0.0,5,2020
6286,city B,$29.8,3,bjdwe, $9.9 ,5,3:07:00 AM,3:17:00 AM,4:17:00 AM,Friday,$0.0,5,2020
45657,city B,$29.7,3,bjdwe, $9.9 ,7,4:11:00 AM,4:15:00 AM,5:49:00 AM,Sunday,$0.0,3,2021
156011,city B,$98.7,10,bjdwe, $9.9 ,6,2:03:00 AM,2:11:00 AM,3:42:00 AM,Saturday,$0.0,3,2019
79146,city B,$98.7,10,bjdwe, $9.9 ,6,4:02:00 AM,4:07:00 AM,4:31:00 AM,Saturday,$0.0,3,2020
1526,city C,$98.7,10,wehqk, $9.9 ,5,6:10:00 PM,6:17:00 PM,7:02:00 PM,Friday,$0.0,3,2019
489,city A,$29.6,3,acjde, $9.9 ,2,8:46:00 PM,8:57:00 PM,9:46:00 PM,Tuesday,$0.0,3,2019
14965,city B,$29.6,3,bjdwe, $9.9 ,2,8:24:00 PM,8:31:00 PM,10:16:00 PM,Tuesday,$0.0,5,2022
85878,city C,$29.6,3,wehqk, $9.9 ,5,8:17:00 PM,8:27:00 PM,8:46:00 PM,Friday,$0.0,4,2021
113442,city A,$78.9,8,acjde, $9.9 ,3,12:34:00 AM,12:41:00 AM,1:35:00 AM,Wednesday,$0.0,3,2022
113442,city A,$78.9,8,acjde, $9.9 ,7,4:14:00 AM,4:20:00 AM,5:09:00 AM,Sunday,$0.0,5,2022
4432,city C,$78.9,8,wehqk, $9.9 ,2,7:34:00 PM,7:42:00 PM,8:55:00 PM,Tuesday,$0.0,5,2020
100102,city B,$98.6,10,bjdwe, $9.9 ,7,3:41:00 AM,3:46:00 AM,4:25:00 AM,Sunday,$0.0,4,2019
79142,city A,$98.6,10,acjde, $9.9 ,6,12:08:00 AM,12:18:00 AM,1:52:00 AM,Saturday,$0.0,3,2020
84488,city C,$98.6,10,wehqk, $9.9 ,5,5:32:00 AM,5:36:00 AM,7:26:00 AM,Friday,$0.0,5,2020
1011,city B,$88.7,9,bjdwe, $9.9 ,3,11:52:00 PM,11:59:00 PM,1:15:00 AM,Wednesday,$0.0,5,2022
1384,city C,$88.7,9,wehqk, $9.9 ,6,1:32:00 AM,1:37:00 AM,2:57:00 AM,Saturday,$0.0,3,2020
13125,city C,$88.7,9,wehqk, $9.9 ,5,8:38:00 PM,8:45:00 PM,8:53:00 PM,Friday,$0.0,3,2022
97044,city B,$88.7,9,bjdwe, $9.9 ,6,4:50:00 AM,4:54:00 AM,6:26:00 AM,Saturday,$0.0,5,2021
197954,city B,$88.7,9,bjdwe, $9.9 ,1,7:54:00 PM,7:59:00 PM,9:31:00 PM,Monday,$0.0,5,2021
9189,city C,$29.5,3,wehqk, $9.8 ,3,2:54:00 AM,2:58:00 AM,3:13:00 AM,Wednesday,$0.0,4,2019
3657,city B,$29.5,3,bjdwe, $9.8 ,3,2:56:00 AM,3:07:00 AM,4:19:00 AM,Wednesday,$0.0,5,2019
1661,city C,$29.5,3,wehqk, $9.8 ,6,4:18:00 AM,4:23:00 AM,5:26:00 AM,Saturday,$0.0,5,2020
93954,city B,$9.8,1,bjdwe, $9.8 ,6,2:56:00 AM,3:03:00 AM,3:16:00 AM,Saturday,$0.0,4,2021
87244,city C,$9.8,1,wehqk, $9.8 ,4,3:50:00 AM,3:58:00 AM,5:47:00 AM,Thursday,$0.0,3,2022
193503,city A,$58.5,6,acjde, $9.8 ,5,6:29:00 PM,6:40:00 PM,7:56:00 PM,Friday,$0.0,5,2019
2512,city C,$29.2,3,wehqk, $9.7 ,4,8:29:00 PM,8:39:00 PM,8:45:00 PM,Thursday,$0.0,3,2020
57966,city B,$48.7,5,bjdwe, $9.7 ,1,8:29:00 PM,8:38:00 PM,10:36:00 PM,Monday,$0.0,4,2020
56808,city A,$48.7,5,acjde, $9.7 ,7,1:29:00 AM,1:37:00 AM,1:59:00 AM,Sunday,$0.0,5,2019
899,city C,$87.5,9,wehqk, $9.7 ,5,1:08:00 AM,1:15:00 AM,2:43:00 AM,Friday,$0.0,5,2022
550,city B,$87.5,9,bjdwe, $9.7 ,4,1:15:00 AM,1:20:00 AM,2:31:00 AM,Thursday,$0.0,5,2019
113442,city A,$87.5,9,acjde, $9.7 ,5,2:50:00 AM,2:54:00 AM,2:57:00 AM,Friday,$0.0,4,2022
71624,city B,$87.5,9,bjdwe, $9.7 ,3,2:36:00 AM,2:45:00 AM,4:28:00 AM,Wednesday,$0.0,3,2021
8000,city A,$87.5,9,acjde, $9.7 ,1,8:15:00 PM,8:21:00 PM,9:33:00 PM,Monday,$0.0,3,2020
10673,city A,$19.4,2,acjde, $9.7 ,1,4:10:00 AM,4:14:00 AM,4:29:00 AM,Monday,$0.0,3,2020
190380,city B,$29.0,3,bjdwe, $9.7 ,2,2:23:00 AM,2:29:00 AM,2:45:00 AM,Tuesday,$0.0,5,2020
2456,city C,$29.0,3,wehqk, $9.7 ,3,8:25:00 PM,8:32:00 PM,8:54:00 PM,Wednesday,$0.0,3,2022
88854,city B,$29.0,3,bjdwe, $9.7 ,3,11:59:00 PM,12:09:00 AM,12:20:00 AM,Wednesday,$0.0,5,2022
13447,city C,$29.0,3,wehqk, $9.7 ,3,8:40:00 PM,8:46:00 PM,9:18:00 PM,Wednesday,$0.0,4,2019
92481,city B,$29.0,3,bjdwe, $9.7 ,1,10:33:00 PM,10:37:00 PM,10:50:00 PM,Monday,$0.0,3,2022
12761,city C,$38.6,4,wehqk, $9.7 ,3,1:10:00 AM,1:20:00 AM,3:02:00 AM,Wednesday,$0.0,5,2019
1210,city C,$19.3,2,wehqk, $9.7 ,6,8:04:00 PM,8:12:00 PM,8:58:00 PM,Saturday,$0.0,3,2022
12980,city B,$38.6,4,bjdwe, $9.7 ,5,8:33:00 PM,8:43:00 PM,9:32:00 PM,Friday,$0.0,3,2019
959,city C,$67.5,7,wehqk, $9.6 ,7,1:31:00 AM,1:35:00 AM,3:27:00 AM,Sunday,$0.0,3,2020
899,city C,$67.5,7,wehqk, $9.6 ,4,2:56:00 AM,3:06:00 AM,4:25:00 AM,Thursday,$0.0,3,2022
6245,city B,$48.0,5,bjdwe, $9.6 ,7,4:29:00 AM,4:38:00 AM,6:11:00 AM,Sunday,$0.0,4,2022
8656,city A,$48.0,5,acjde, $9.6 ,4,2:30:00 AM,2:39:00 AM,2:42:00 AM,Thursday,$0.0,3,2019
81139,city C,$19.2,2,wehqk, $9.6 ,5,8:34:00 PM,8:43:00 PM,9:31:00 PM,Friday,$0.0,5,2021
1291,city B,$9.6,1,bjdwe, $9.6 ,6,1:34:00 AM,1:42:00 AM,3:28:00 AM,Saturday,$0.0,4,2019
1704,city C,$9.6,1,wehqk, $9.6 ,1,2:30:00 AM,2:34:00 AM,4:25:00 AM,Monday,$0.0,4,2020
81869,city A,$19.2,2,acjde, $9.6 ,6,3:27:00 AM,3:34:00 AM,4:01:00 AM,Saturday,$0.0,4,2019
64488,city B,$19.2,2,bjdwe, $9.6 ,4,10:25:00 PM,10:32:00 PM,12:16:00 AM,Thursday,$0.0,4,2020
194709,city B,$95.6,10,bjdwe, $9.6 ,7,2:23:00 AM,2:33:00 AM,4:02:00 AM,Sunday,$0.0,3,2022
79435,city A,$95.6,10,acjde, $9.6 ,7,2:45:00 AM,2:53:00 AM,4:40:00 AM,Sunday,$0.0,4,2022
79136,city A,$95.6,10,acjde, $9.6 ,6,4:43:00 AM,4:53:00 AM,5:42:00 AM,Saturday,$0.0,5,2020
69975,city A,$47.7,5,acjde, $9.5 ,5,2:16:00 AM,2:26:00 AM,3:03:00 AM,Friday,$0.0,4,2022
79136,city A,$47.7,5,acjde, $9.5 ,4,1:45:00 AM,1:51:00 AM,3:43:00 AM,Thursday,$0.0,5,2020
1704,city C,$28.6,3,wehqk, $9.5 ,1,5:00:00 AM,5:11:00 AM,5:46:00 AM,Monday,$0.0,4,2020
194008,city C,$28.6,3,wehqk, $9.5 ,5,2:13:00 AM,2:17:00 AM,3:04:00 AM,Friday,$0.0,3,2022
113471,city B,$28.6,3,bjdwe, $9.5 ,1,8:57:00 PM,9:08:00 PM,10:14:00 PM,Monday,$0.0,5,2022
193503,city A,$38.1,4,acjde, $9.5 ,6,2:21:00 AM,2:25:00 AM,3:10:00 AM,Saturday,$0.0,5,2019
13489,city A,$38.1,4,acjde, $9.5 ,4,8:02:00 PM,8:11:00 PM,8:41:00 PM,Thursday,$0.0,3,2020
76264,city B,$47.6,5,bjdwe, $9.5 ,1,3:29:00 AM,3:38:00 AM,5:32:00 AM,Monday,$0.0,5,2022
93902,city B,$28.5,3,bjdwe, $9.5 ,1,2:41:00 AM,2:46:00 AM,4:41:00 AM,Monday,$0.0,3,2019
156835,city B,$19.0,2,bjdwe, $9.5 ,6,2:07:00 AM,2:12:00 AM,2:20:00 AM,Saturday,$0.0,5,2022
88846,city A,$28.5,3,acjde, $9.5 ,6,10:39:00 PM,10:45:00 PM,11:54:00 PM,Saturday,$0.0,5,2020
113496,city C,$28.5,3,wehqk, $9.5 ,2,2:16:00 AM,2:27:00 AM,4:14:00 AM,Tuesday,$0.0,5,2019
8083,city A,$94.9,10,acjde, $9.5 ,7,3:01:00 AM,3:06:00 AM,3:54:00 AM,Sunday,$0.0,5,2019
10294,city C,$94.9,10,wehqk, $9.5 ,1,12:31:00 AM,12:39:00 AM,1:48:00 AM,Monday,$0.0,3,2021
105253,city B,$94.9,10,bjdwe, $9.5 ,4,8:02:00 PM,8:07:00 PM,8:16:00 PM,Thursday,$0.0,5,2020
17297,city C,$28.4,3,wehqk, $9.5 ,1,2:02:00 AM,2:06:00 AM,3:37:00 AM,Monday,$0.0,5,2022
10052,city A,$28.4,3,acjde, $9.5 ,3,9:29:00 PM,9:34:00 PM,9:53:00 PM,Wednesday,$0.0,3,2021
8076,city B,$28.4,3,bjdwe, $9.5 ,2,8:00:00 PM,8:04:00 PM,9:35:00 PM,Tuesday,$0.0,5,2019
13964,city A,$28.4,3,acjde, $9.5 ,4,9:59:00 PM,10:10:00 PM,11:56:00 PM,Thursday,$0.0,5,2020
92300,city A,$28.4,3,acjde, $9.5 ,7,8:12:00 PM,8:17:00 PM,8:57:00 PM,Sunday,$0.0,4,2020
190419,city C,$28.4,3,wehqk, $9.5 ,1,2:01:00 AM,2:12:00 AM,3:59:00 AM,Monday,$0.0,4,2020
17297,city C,$47.3,5,wehqk, $9.5 ,7,8:14:00 PM,8:25:00 PM,9:11:00 PM,Sunday,$0.0,4,2022
68187,city A,$37.6,4,acjde, $9.4 ,7,8:20:00 PM,8:27:00 PM,10:16:00 PM,Sunday,$0.0,4,2021
17146,city B,$18.8,2,bjdwe, $9.4 ,4,2:16:00 AM,2:22:00 AM,3:08:00 AM,Thursday,$0.0,5,2022
6668,city C,$18.8,2,wehqk, $9.4 ,1,3:10:00 AM,3:19:00 AM,3:50:00 AM,Monday,$0.0,5,2019
78104,city A,$37.6,4,acjde, $9.4 ,1,8:01:00 PM,8:10:00 PM,8:37:00 PM,Monday,$0.0,3,2022
4052,city A,$18.8,2,acjde, $9.4 ,6,8:56:00 PM,9:03:00 PM,9:11:00 PM,Saturday,$0.0,4,2021
79657,city C,$18.8,2,wehqk, $9.4 ,7,2:04:00 AM,2:15:00 AM,3:00:00 AM,Sunday,$0.0,4,2021
1961,city C,$37.5,4,wehqk, $9.4 ,3,3:14:00 AM,3:20:00 AM,4:25:00 AM,Wednesday,$0.0,4,2021
6958,city A,$37.5,4,acjde, $9.4 ,4,5:43:00 AM,5:54:00 AM,7:12:00 AM,Thursday,$0.0,3,2022
1992,city A,$28.1,3,acjde, $9.4 ,4,2:12:00 AM,2:18:00 AM,2:30:00 AM,Thursday,$0.0,3,2019
93902,city B,$28.1,3,bjdwe, $9.4 ,6,5:43:00 AM,5:47:00 AM,7:03:00 AM,Saturday,$0.0,5,2019
79146,city B,$28.1,3,bjdwe, $9.4 ,1,8:37:00 PM,8:43:00 PM,8:58:00 PM,Monday,$0.0,5,2020
75781,city C,$74.9,8,wehqk, $9.4 ,3,2:35:00 AM,2:44:00 AM,2:50:00 AM,Wednesday,$0.0,5,2019
53502,city A,$74.9,8,acjde, $9.4 ,2,7:34:00 PM,7:42:00 PM,8:13:00 PM,Tuesday,$0.0,5,2021
1384,city C,$74.9,8,wehqk, $9.4 ,5,3:00:00 AM,3:08:00 AM,3:41:00 AM,Friday,$0.0,3,2020
57966,city B,$93.5,10,bjdwe, $9.3 ,2,3:06:00 AM,3:14:00 AM,5:07:00 AM,Tuesday,$0.0,3,2020
4100,city A,$93.5,10,acjde, $9.3 ,6,11:39:00 PM,11:43:00 PM,12:10:00 AM,Saturday,$0.0,5,2021
2576,city A,$93.5,10,acjde, $9.3 ,2,2:38:00 AM,2:47:00 AM,4:09:00 AM,Tuesday,$0.0,3,2020
6668,city C,$28.0,3,wehqk, $9.3 ,7,8:16:00 PM,8:23:00 PM,9:02:00 PM,Sunday,$0.0,3,2019
4097,city A,$28.0,3,acjde, $9.3 ,5,5:46:00 AM,5:51:00 AM,5:55:00 AM,Friday,$0.0,3,2022
195630,city C,$28.0,3,wehqk, $9.3 ,4,2:10:00 AM,2:18:00 AM,3:12:00 AM,Thursday,$0.0,3,2021
95286,city B,$56.0,6,bjdwe, $9.3 ,6,3:04:00 AM,3:13:00 AM,3:19:00 AM,Saturday,$0.0,5,2021
62744,city B,$28.0,3,bjdwe, $9.3 ,5,3:03:00 AM,3:12:00 AM,5:06:00 AM,Friday,$0.0,5,2022
10617,city B,$28.0,3,bjdwe, $9.3 ,4,3:25:00 AM,3:31:00 AM,3:45:00 AM,Thursday,$0.0,4,2021
85050,city A,$28.0,3,acjde, $9.3 ,3,8:03:00 PM,8:14:00 PM,8:42:00 PM,Wednesday,$0.0,3,2019
2405,city B,$37.3,4,bjdwe, $9.3 ,7,4:37:00 AM,4:45:00 AM,5:20:00 AM,Sunday,$0.0,4,2019
36702,city C,$37.3,4,wehqk, $9.3 ,2,8:54:00 PM,9:05:00 PM,10:10:00 PM,Tuesday,$0.0,3,2020
888,city C,$18.6,2,wehqk, $9.3 ,6,1:59:00 AM,2:07:00 AM,2:11:00 AM,Saturday,$0.0,5,2019
1992,city A,$18.6,2,acjde, $9.3 ,6,2:06:00 AM,2:13:00 AM,2:56:00 AM,Saturday,$0.0,4,2019
13964,city A,$9.3,1,acjde, $9.3 ,5,1:30:00 AM,1:38:00 AM,2:18:00 AM,Friday,$0.0,3,2020
14043,city C,$9.3,1,wehqk, $9.3 ,6,2:56:00 AM,3:01:00 AM,4:28:00 AM,Saturday,$0.0,3,2022
13902,city C,$27.9,3,wehqk, $9.3 ,5,2:25:00 AM,2:31:00 AM,4:19:00 AM,Friday,$0.0,4,2019
113424,city B,$27.9,3,bjdwe, $9.3 ,4,8:46:00 PM,8:52:00 PM,9:03:00 PM,Thursday,$0.0,3,2019
10942,city A,$27.9,3,acjde, $9.3 ,5,7:02:00 PM,7:13:00 PM,7:39:00 PM,Friday,$0.0,4,2022
81869,city A,$55.6,6,acjde, $9.3 ,2,3:33:00 AM,3:43:00 AM,5:42:00 AM,Tuesday,$0.0,3,2019
13018,city B,$27.7,3,bjdwe, $9.2 ,6,2:25:00 AM,2:29:00 AM,4:28:00 AM,Saturday,$0.0,3,2020
5917,city A,$27.7,3,acjde, $9.2 ,3,6:35:00 PM,6:45:00 PM,8:22:00 PM,Wednesday,$0.0,5,2022
199817,city B,$27.7,3,bjdwe, $9.2 ,7,2:23:00 AM,2:28:00 AM,3:12:00 AM,Sunday,$0.0,5,2020
4187,city C,$92.3,10,wehqk, $9.2 ,7,3:12:00 AM,3:19:00 AM,3:48:00 AM,Sunday,$0.0,4,2021
68759,city C,$18.5,2,wehqk, $9.2 ,7,1:40:00 AM,1:45:00 AM,2:40:00 AM,Sunday,$0.0,3,2019
3840,city B,$18.5,2,bjdwe, $9.2 ,7,1:25:00 AM,1:33:00 AM,2:37:00 AM,Sunday,$0.0,3,2019
8059,city C,$92.3,10,wehqk, $9.2 ,1,1:53:00 AM,2:02:00 AM,3:31:00 AM,Monday,$0.0,4,2021
3840,city B,$92.3,10,bjdwe, $9.2 ,4,4:33:00 AM,4:41:00 AM,6:21:00 AM,Thursday,$0.0,3,2019
1762,city A,$18.4,2,acjde, $9.2 ,1,2:12:00 AM,2:18:00 AM,3:12:00 AM,Monday,$0.0,5,2021
33389,city C,$18.4,2,wehqk, $9.2 ,1,1:32:00 AM,1:37:00 AM,2:42:00 AM,Monday,$0.0,4,2019
14965,city B,$9.2,1,bjdwe, $9.2 ,3,3:18:00 AM,3:27:00 AM,3:54:00 AM,Wednesday,$0.0,5,2022
43732,city C,$9.2,1,wehqk, $9.2 ,2,6:55:00 PM,7:05:00 PM,8:53:00 PM,Tuesday,$0.0,5,2019
7978,city A,$18.4,2,acjde, $9.2 ,1,6:09:00 PM,6:15:00 PM,6:55:00 PM,Monday,$0.0,5,2022
60670,city C,$18.4,2,wehqk, $9.2 ,2,7:33:00 PM,7:43:00 PM,8:48:00 PM,Tuesday,$0.0,3,2019
7210,city A,$18.4,2,acjde, $9.2 ,7,4:02:00 AM,4:10:00 AM,4:37:00 AM,Sunday,$0.0,4,2022
4205,city A,$18.4,2,acjde, $9.2 ,7,2:44:00 AM,2:50:00 AM,4:21:00 AM,Sunday,$0.0,4,2020
5189,city A,$18.4,2,acjde, $9.2 ,6,4:45:00 AM,4:54:00 AM,6:19:00 AM,Saturday,$0.0,4,2022
1738,city C,$18.4,2,wehqk, $9.2 ,5,8:36:00 PM,8:45:00 PM,9:12:00 PM,Friday,$0.0,5,2019
9761,city C,$18.4,2,wehqk, $9.2 ,7,4:09:00 AM,4:17:00 AM,5:35:00 AM,Sunday,$0.0,4,2020
62744,city B,$18.4,2,bjdwe, $9.2 ,6,10:09:00 PM,10:16:00 PM,11:22:00 PM,Saturday,$0.0,5,2022
10510,city A,$18.4,2,acjde, $9.2 ,5,8:19:00 PM,8:24:00 PM,10:08:00 PM,Friday,$0.0,4,2021
79136,city A,$18.4,2,acjde, $9.2 ,7,8:56:00 PM,9:06:00 PM,10:50:00 PM,Sunday,$0.0,5,2020
14689,city A,$18.4,2,acjde, $9.2 ,2,8:56:00 PM,9:07:00 PM,10:35:00 PM,Tuesday,$0.0,3,2019
83877,city A,$18.4,2,acjde, $9.2 ,2,8:12:00 PM,8:22:00 PM,9:20:00 PM,Tuesday,$0.0,5,2021
3196,city A,$18.4,2,acjde, $9.2 ,7,8:28:00 PM,8:35:00 PM,9:01:00 PM,Sunday,$0.0,4,2021
7408,city B,$18.4,2,bjdwe, $9.2 ,4,8:54:00 PM,9:03:00 PM,10:05:00 PM,Thursday,$0.0,3,2021
5694,city A,$18.4,2,acjde, $9.2 ,7,8:54:00 PM,9:04:00 PM,10:40:00 PM,Sunday,$0.0,5,2019
63262,city A,$27.5,3,acjde, $9.2 ,6,2:31:00 AM,2:40:00 AM,3:31:00 AM,Saturday,$0.0,5,2021
79657,city C,$27.5,3,wehqk, $9.2 ,4,4:06:00 AM,4:16:00 AM,5:00:00 AM,Thursday,$0.0,5,2021
95807,city C,$27.5,3,wehqk, $9.2 ,7,7:44:00 PM,7:52:00 PM,8:09:00 PM,Sunday,$0.0,3,2022
929,city C,$27.5,3,wehqk, $9.2 ,2,8:44:00 PM,8:54:00 PM,10:23:00 PM,Tuesday,$0.0,4,2021
45860,city B,$27.5,3,bjdwe, $9.2 ,3,5:26:00 AM,5:35:00 AM,6:19:00 AM,Wednesday,$0.0,4,2022
2536,city A,$27.5,3,acjde, $9.2 ,2,8:21:00 PM,8:26:00 PM,9:48:00 PM,Tuesday,$0.0,5,2022
1235,city B,$18.2,2,bjdwe, $9.1 ,4,4:47:00 AM,4:55:00 AM,4:56:00 AM,Thursday,$0.0,4,2021
195630,city C,$18.2,2,wehqk, $9.1 ,2,2:41:00 AM,2:49:00 AM,3:01:00 AM,Tuesday,$0.0,5,2021
14495,city C,$9.1,1,wehqk, $9.1 ,5,3:40:00 AM,3:45:00 AM,4:08:00 AM,Friday,$0.0,3,2019
6081,city A,$9.1,1,acjde, $9.1 ,5,3:48:00 AM,3:58:00 AM,5:15:00 AM,Friday,$0.0,3,2019
100102,city B,$9.1,1,bjdwe, $9.1 ,3,3:36:00 AM,3:41:00 AM,5:35:00 AM,Wednesday,$0.0,3,2019
13496,city C,$18.2,2,wehqk, $9.1 ,5,3:05:00 AM,3:15:00 AM,4:06:00 AM,Friday,$0.0,4,2022
10178,city A,$18.2,2,acjde, $9.1 ,3,3:00:00 AM,3:06:00 AM,5:05:00 AM,Wednesday,$0.0,5,2021
1573,city A,$18.2,2,acjde, $9.1 ,5,2:33:00 AM,2:41:00 AM,4:14:00 AM,Friday,$0.0,3,2019
3261,city A,$18.2,2,acjde, $9.1 ,6,2:59:00 AM,3:10:00 AM,4:04:00 AM,Saturday,$0.0,3,2021
3924,city A,$18.2,2,acjde, $9.1 ,6,4:16:00 AM,4:22:00 AM,4:33:00 AM,Saturday,$0.0,5,2020
28366,city C,$18.2,2,wehqk, $9.1 ,5,3:29:00 AM,3:35:00 AM,4:14:00 AM,Friday,$0.0,4,2019
1171,city C,$18.2,2,wehqk, $9.1 ,5,7:57:00 PM,8:05:00 PM,9:43:00 PM,Friday,$0.0,4,2022
60669,city C,$18.2,2,wehqk, $9.1 ,5,5:24:00 AM,5:29:00 AM,5:34:00 AM,Friday,$0.0,5,2022
13441,city B,$18.2,2,bjdwe, $9.1 ,3,8:35:00 PM,8:41:00 PM,10:13:00 PM,Wednesday,$0.0,3,2021
11264,city C,$18.2,2,wehqk, $9.1 ,7,8:44:00 PM,8:53:00 PM,10:50:00 PM,Sunday,$0.0,3,2021
105310,city B,$18.2,2,bjdwe, $9.1 ,4,8:16:00 PM,8:24:00 PM,8:27:00 PM,Thursday,$0.0,4,2020
2099,city A,$18.2,2,acjde, $9.1 ,3,9:25:00 PM,9:30:00 PM,9:56:00 PM,Wednesday,$0.0,4,2021
34125,city C,$18.2,2,wehqk, $9.1 ,2,8:43:00 PM,8:50:00 PM,10:37:00 PM,Tuesday,$0.0,4,2019
6048,city C,$18.2,2,wehqk, $9.1 ,5,8:52:00 PM,9:00:00 PM,10:00:00 PM,Friday,$0.0,4,2019
12030,city B,$18.2,2,bjdwe, $9.1 ,3,7:07:00 PM,7:13:00 PM,7:21:00 PM,Wednesday,$0.0,3,2019
197628,city A,$18.2,2,acjde, $9.1 ,4,2:09:00 AM,2:18:00 AM,3:32:00 AM,Thursday,$0.0,4,2019
844,city B,$18.2,2,bjdwe, $9.1 ,5,8:11:00 PM,8:19:00 PM,8:47:00 PM,Friday,$0.0,3,2021
8276,city B,$18.2,2,bjdwe, $9.1 ,3,8:02:00 PM,8:06:00 PM,8:16:00 PM,Wednesday,$0.0,5,2021
4068,city B,$18.2,2,bjdwe, $9.1 ,2,8:36:00 PM,8:41:00 PM,10:38:00 PM,Tuesday,$0.0,3,2022
13567,city A,$18.2,2,acjde, $9.1 ,3,9:59:00 PM,10:07:00 PM,10:21:00 PM,Wednesday,$0.0,4,2020
14495,city C,$27.2,3,wehqk, $9.1 ,5,3:23:00 AM,3:32:00 AM,4:45:00 AM,Friday,$0.0,5,2019
56015,city A,$27.2,3,acjde, $9.1 ,4,8:48:00 PM,8:58:00 PM,9:05:00 PM,Thursday,$0.0,3,2020
2643,city B,$27.2,3,bjdwe, $9.1 ,6,8:47:00 PM,8:51:00 PM,8:53:00 PM,Saturday,$0.0,3,2020
63674,city A,$54.4,6,acjde, $9.1 ,7,2:46:00 AM,2:53:00 AM,4:07:00 AM,Sunday,$0.0,3,2022
91848,city B,$90.5,10,bjdwe, $9.1 ,6,2:05:00 AM,2:14:00 AM,2:36:00 AM,Saturday,$0.0,4,2019
38800,city A,$90.5,10,acjde, $9.1 ,1,2:03:00 AM,2:08:00 AM,3:57:00 AM,Monday,$0.0,5,2021
9408,city A,$90.5,10,acjde, $9.1 ,5,4:03:00 AM,4:11:00 AM,5:43:00 AM,Friday,$0.0,5,2021
11795,city A,$99.5,11,acjde, $9.0 ,6,1:07:00 AM,1:16:00 AM,2:57:00 AM,Saturday,$0.0,4,2019
1376,city A,$99.5,11,acjde, $9.0 ,2,3:02:00 AM,3:09:00 AM,5:05:00 AM,Tuesday,$0.0,4,2019
196384,city A,$99.5,11,acjde, $9.0 ,1,2:44:00 AM,2:52:00 AM,4:39:00 AM,Monday,$0.0,3,2021
8083,city A,$81.4,9,acjde, $9.0 ,4,8:26:00 PM,8:37:00 PM,9:40:00 PM,Thursday,$0.0,5,2019
102769,city A,$81.4,9,acjde, $9.0 ,3,8:16:00 PM,8:21:00 PM,10:02:00 PM,Wednesday,$0.0,4,2021
105568,city C,$81.4,9,wehqk, $9.0 ,5,2:04:00 AM,2:11:00 AM,2:48:00 AM,Friday,$0.0,5,2022
26654,city C,$81.4,9,wehqk, $9.0 ,6,4:13:00 AM,4:21:00 AM,5:17:00 AM,Saturday,$0.0,3,2019
113496,city C,$81.4,9,wehqk, $9.0 ,2,8:07:00 PM,8:15:00 PM,8:17:00 PM,Tuesday,$0.0,3,2019
2456,city C,$81.3,9,wehqk, $9.0 ,1,2:35:00 AM,2:40:00 AM,4:09:00 AM,Monday,$0.0,4,2022
106885,city C,$27.1,3,wehqk, $9.0 ,4,2:03:00 AM,2:13:00 AM,3:52:00 AM,Thursday,$0.0,3,2020
9563,city A,$81.3,9,acjde, $9.0 ,6,8:05:00 PM,8:15:00 PM,9:54:00 PM,Saturday,$0.0,4,2021
47494,city A,$81.3,9,acjde, $9.0 ,7,2:28:00 AM,2:33:00 AM,3:21:00 AM,Sunday,$0.0,5,2021
101672,city B,$81.3,9,bjdwe, $9.0 ,6,5:04:00 AM,5:15:00 AM,6:02:00 AM,Saturday,$0.0,5,2019
45657,city B,$81.3,9,bjdwe, $9.0 ,4,11:43:00 PM,11:54:00 PM,1:50:00 AM,Thursday,$0.0,4,2021
11815,city C,$27.1,3,wehqk, $9.0 ,1,7:40:00 PM,7:46:00 PM,9:01:00 PM,Monday,$0.0,3,2019
77803,city B,$27.1,3,bjdwe, $9.0 ,2,7:48:00 PM,7:59:00 PM,9:40:00 PM,Tuesday,$0.0,3,2022
90558,city A,$99.2,11,acjde, $9.0 ,5,3:06:00 AM,3:16:00 AM,4:50:00 AM,Friday,$0.0,3,2021
1573,city A,$99.2,11,acjde, $9.0 ,6,8:14:00 PM,8:23:00 PM,9:56:00 PM,Saturday,$0.0,5,2019
158403,city A,$99.2,11,acjde, $9.0 ,5,7:23:00 PM,7:32:00 PM,7:33:00 PM,Friday,$0.0,4,2019
156692,city C,$9.0,1,wehqk, $9.0 ,7,2:36:00 AM,2:45:00 AM,2:58:00 AM,Sunday,$0.0,5,2022
12708,city C,$81.0,9,wehqk, $9.0 ,6,3:52:00 AM,4:01:00 AM,5:02:00 AM,Saturday,$0.0,4,2019
12980,city B,$27.0,3,bjdwe, $9.0 ,1,2:45:00 AM,2:53:00 AM,4:44:00 AM,Monday,$0.0,4,2019
108285,city C,$18.0,2,wehqk, $9.0 ,6,8:46:00 PM,8:56:00 PM,9:23:00 PM,Saturday,$0.0,5,2019
4429,city B,$9.0,1,bjdwe, $9.0 ,2,8:03:00 PM,8:12:00 PM,8:21:00 PM,Tuesday,$0.0,5,2022
69801,city C,$9.0,1,wehqk, $9.0 ,7,3:31:00 AM,3:41:00 AM,4:54:00 AM,Sunday,$0.0,4,2019
196384,city A,$81.0,9,acjde, $9.0 ,1,1:46:00 AM,1:54:00 AM,3:43:00 AM,Monday,$0.0,3,2021
91497,city B,$81.0,9,bjdwe, $9.0 ,2,3:44:00 AM,3:50:00 AM,4:18:00 AM,Tuesday,$0.0,3,2020
3913,city A,$81.0,9,acjde, $9.0 ,4,4:46:00 AM,4:50:00 AM,6:08:00 AM,Thursday,$0.0,4,2022
156095,city C,$81.0,9,wehqk, $9.0 ,3,8:18:00 PM,8:27:00 PM,9:44:00 PM,Wednesday,$0.0,5,2022
1189,city A,$27.0,3,acjde, $9.0 ,3,8:34:00 PM,8:42:00 PM,9:38:00 PM,Wednesday,$0.0,3,2020
79259,city A,$18.0,2,acjde, $9.0 ,1,4:14:00 AM,4:25:00 AM,4:47:00 AM,Monday,$0.0,3,2021
552,city C,$18.0,2,wehqk, $9.0 ,3,3:29:00 AM,3:38:00 AM,3:56:00 AM,Wednesday,$0.0,3,2021
2562,city A,$18.0,2,acjde, $9.0 ,4,3:16:00 AM,3:25:00 AM,4:14:00 AM,Thursday,$0.0,3,2020
77988,city A,$18.0,2,acjde, $9.0 ,2,6:45:00 PM,6:53:00 PM,8:27:00 PM,Tuesday,$0.0,3,2022
1011,city B,$18.0,2,bjdwe, $9.0 ,6,8:12:00 PM,8:19:00 PM,9:13:00 PM,Saturday,$0.0,3,2022
13447,city C,$18.0,2,wehqk, $9.0 ,1,3:57:00 AM,4:05:00 AM,4:21:00 AM,Monday,$0.0,5,2019
76264,city B,$18.0,2,bjdwe, $9.0 ,5,8:21:00 PM,8:31:00 PM,9:45:00 PM,Friday,$0.0,5,2022
1457,city C,$18.0,2,wehqk, $9.0 ,7,12:30:00 AM,12:39:00 AM,2:10:00 AM,Sunday,$0.0,4,2021
93954,city B,$18.0,2,bjdwe, $9.0 ,6,2:59:00 AM,3:10:00 AM,4:59:00 AM,Saturday,$0.0,3,2021
93954,city B,$18.0,2,bjdwe, $9.0 ,3,3:51:00 AM,4:02:00 AM,4:29:00 AM,Wednesday,$0.0,5,2021
63674,city A,$18.0,2,acjde, $9.0 ,7,7:58:00 PM,8:06:00 PM,10:00:00 PM,Sunday,$0.0,3,2022
91848,city B,$18.0,2,bjdwe, $9.0 ,6,2:19:00 AM,2:24:00 AM,2:37:00 AM,Saturday,$0.0,3,2019
41031,city C,$18.0,2,wehqk, $9.0 ,5,8:42:00 PM,8:52:00 PM,10:26:00 PM,Friday,$0.0,5,2019
144,city B,$18.0,2,bjdwe, $9.0 ,4,8:21:00 PM,8:26:00 PM,9:52:00 PM,Thursday,$0.0,3,2019
3924,city A,$18.0,2,acjde, $9.0 ,1,12:13:00 AM,12:18:00 AM,12:50:00 AM,Monday,$0.0,4,2020
106159,city B,$18.0,2,bjdwe, $9.0 ,4,2:27:00 AM,2:36:00 AM,4:23:00 AM,Thursday,$0.0,5,2021
105568,city C,$18.0,2,wehqk, $9.0 ,5,2:17:00 AM,2:21:00 AM,4:18:00 AM,Friday,$0.0,5,2022
2229,city A,$18.0,2,acjde, $9.0 ,7,7:41:00 PM,7:50:00 PM,8:29:00 PM,Sunday,$0.0,3,2021
106179,city C,$18.0,2,wehqk, $9.0 ,5,8:40:00 PM,8:49:00 PM,9:52:00 PM,Friday,$0.0,4,2022
25813,city A,$18.0,2,acjde, $9.0 ,1,8:11:00 PM,8:17:00 PM,9:35:00 PM,Monday,$0.0,3,2022
114,city A,$26.9,3,acjde, $9.0 ,3,2:06:00 AM,2:17:00 AM,2:25:00 AM,Wednesday,$0.0,3,2020
43732,city C,$26.9,3,wehqk, $9.0 ,6,2:25:00 AM,2:29:00 AM,3:14:00 AM,Saturday,$0.0,3,2019
23456,city C,$26.9,3,wehqk, $9.0 ,6,5:41:00 AM,5:50:00 AM,5:51:00 AM,Saturday,$0.0,4,2020
13526,city B,$26.9,3,bjdwe, $9.0 ,7,8:08:00 PM,8:12:00 PM,9:27:00 PM,Sunday,$0.0,5,2020
79146,city B,$26.9,3,bjdwe, $9.0 ,3,3:00:00 AM,3:06:00 AM,4:19:00 AM,Wednesday,$0.0,3,2020
2999,city C,$26.9,3,wehqk, $9.0 ,5,7:54:00 PM,8:02:00 PM,8:55:00 PM,Friday,$0.0,4,2019
2787,city A,$17.9,2,acjde, $9.0 ,5,1:26:00 AM,1:30:00 AM,3:23:00 AM,Friday,$0.0,4,2021
13752,city B,$17.9,2,bjdwe, $9.0 ,1,2:54:00 AM,3:01:00 AM,3:46:00 AM,Monday,$0.0,4,2021
47494,city A,$17.9,2,acjde, $9.0 ,3,6:17:00 PM,6:21:00 PM,8:15:00 PM,Wednesday,$0.0,5,2021
90558,city A,$17.9,2,acjde, $9.0 ,3,3:02:00 AM,3:09:00 AM,4:17:00 AM,Wednesday,$0.0,5,2021
56015,city A,$17.9,2,acjde, $9.0 ,1,2:38:00 AM,2:47:00 AM,3:02:00 AM,Monday,$0.0,4,2020
2541,city C,$17.9,2,wehqk, $9.0 ,6,8:11:00 PM,8:16:00 PM,8:48:00 PM,Saturday,$0.0,5,2019
7081,city A,$17.9,2,acjde, $9.0 ,7,8:01:00 PM,8:09:00 PM,9:11:00 PM,Sunday,$0.0,3,2020
62969,city A,$17.9,2,acjde, $9.0 ,7,3:00:00 AM,3:06:00 AM,4:30:00 AM,Sunday,$0.0,5,2021
106154,city C,$8.9,1,wehqk, $8.9 ,2,2:18:00 AM,2:24:00 AM,3:37:00 AM,Tuesday,$0.0,3,2021
111132,city B,$8.9,1,bjdwe, $8.9 ,5,7:21:00 PM,7:28:00 PM,8:23:00 PM,Friday,$0.0,3,2022
23309,city B,$8.9,1,bjdwe, $8.9 ,3,8:44:00 PM,8:48:00 PM,10:32:00 PM,Wednesday,$0.0,4,2020
9512,city A,$62.0,7,acjde, $8.9 ,3,3:12:00 AM,3:23:00 AM,4:18:00 AM,Wednesday,$0.0,5,2020
83205,city C,$62.0,7,wehqk, $8.9 ,1,2:50:00 AM,2:56:00 AM,4:37:00 AM,Monday,$0.0,5,2019
1235,city B,$44.3,5,bjdwe, $8.9 ,7,2:09:00 AM,2:14:00 AM,3:53:00 AM,Sunday,$0.0,5,2021
1096,city A,$8.9,1,acjde, $8.9 ,6,6:55:00 PM,7:02:00 PM,8:19:00 PM,Saturday,$0.0,4,2021
1173,city A,$8.9,1,acjde, $8.9 ,1,8:43:00 PM,8:47:00 PM,10:46:00 PM,Monday,$0.0,4,2021
75877,city B,$17.7,2,bjdwe, $8.9 ,7,4:03:00 AM,4:11:00 AM,4:54:00 AM,Sunday,$0.0,4,2021
6477,city B,$17.7,2,bjdwe, $8.9 ,2,1:08:00 AM,1:17:00 AM,1:35:00 AM,Tuesday,$0.0,3,2019
77537,city C,$17.7,2,wehqk, $8.9 ,5,8:09:00 PM,8:14:00 PM,9:56:00 PM,Friday,$0.0,3,2019
77537,city C,$17.7,2,wehqk, $8.9 ,1,3:04:00 AM,3:10:00 AM,3:37:00 AM,Monday,$0.0,3,2019
13807,city A,$17.7,2,acjde, $8.9 ,3,8:12:00 PM,8:17:00 PM,9:28:00 PM,Wednesday,$0.0,4,2021
9792,city C,$17.7,2,wehqk, $8.9 ,1,4:29:00 AM,4:35:00 AM,5:58:00 AM,Monday,$0.0,4,2021
4765,city C,$17.7,2,wehqk, $8.9 ,1,7:59:00 PM,8:07:00 PM,8:12:00 PM,Monday,$0.0,4,2020
4535,city B,$17.7,2,bjdwe, $8.9 ,3,8:35:00 PM,8:44:00 PM,9:07:00 PM,Wednesday,$0.0,3,2020
80104,city C,$70.6,8,wehqk, $8.8 ,7,2:04:00 AM,2:09:00 AM,2:25:00 AM,Sunday,$0.0,4,2019
197636,city C,$35.3,4,wehqk, $8.8 ,6,2:41:00 AM,2:46:00 AM,4:36:00 AM,Saturday,$0.0,4,2020
4431,city A,$70.6,8,acjde, $8.8 ,7,11:31:00 PM,11:39:00 PM,12:52:00 AM,Sunday,$0.0,3,2021
113442,city A,$70.6,8,acjde, $8.8 ,1,2:51:00 AM,3:00:00 AM,3:09:00 AM,Monday,$0.0,3,2022
111239,city C,$35.3,4,wehqk, $8.8 ,2,12:23:00 AM,12:33:00 AM,1:25:00 AM,Tuesday,$0.0,4,2019
5403,city B,$61.6,7,bjdwe, $8.8 ,7,11:12:00 PM,11:23:00 PM,12:56:00 AM,Sunday,$0.0,5,2021
9350,city B,$61.6,7,bjdwe, $8.8 ,1,2:10:00 AM,2:16:00 AM,3:34:00 AM,Monday,$0.0,3,2021
67104,city C,$70.3,8,wehqk, $8.8 ,2,3:28:00 AM,3:33:00 AM,4:17:00 AM,Tuesday,$0.0,3,2022
199572,city B,$70.3,8,bjdwe, $8.8 ,6,9:32:00 PM,9:42:00 PM,10:39:00 PM,Saturday,$0.0,3,2022
1738,city C,$70.3,8,wehqk, $8.8 ,6,2:37:00 AM,2:47:00 AM,3:51:00 AM,Saturday,$0.0,4,2019
113496,city C,$70.1,8,wehqk, $8.8 ,6,12:11:00 AM,12:15:00 AM,12:20:00 AM,Saturday,$0.0,5,2019
459,city A,$70.1,8,acjde, $8.8 ,5,4:28:00 AM,4:39:00 AM,5:33:00 AM,Friday,$0.0,4,2020
3891,city A,$70.1,8,acjde, $8.8 ,6,9:19:00 PM,9:24:00 PM,10:51:00 PM,Saturday,$0.0,5,2022
6184,city B,$78.9,9,bjdwe, $8.8 ,5,2:30:00 AM,2:36:00 AM,3:26:00 AM,Friday,$0.0,4,2019
102289,city A,$78.9,9,acjde, $8.8 ,2,3:21:00 AM,3:28:00 AM,4:48:00 AM,Tuesday,$0.0,5,2020
106159,city B,$78.9,9,bjdwe, $8.8 ,1,2:00:00 AM,2:06:00 AM,2:57:00 AM,Monday,$0.0,3,2021
156011,city B,$78.9,9,bjdwe, $8.8 ,1,12:05:00 AM,12:10:00 AM,12:16:00 AM,Monday,$0.0,3,2019
7214,city B,$78.9,9,bjdwe, $8.8 ,4,7:20:00 PM,7:29:00 PM,8:46:00 PM,Thursday,$0.0,3,2020
44301,city B,$78.6,9,bjdwe, $8.7 ,5,3:25:00 AM,3:31:00 AM,4:04:00 AM,Friday,$0.0,5,2020
7081,city A,$78.6,9,acjde, $8.7 ,1,2:47:00 AM,2:54:00 AM,3:32:00 AM,Monday,$0.0,3,2020
68011,city B,$78.6,9,bjdwe, $8.7 ,2,3:22:00 AM,3:29:00 AM,5:18:00 AM,Tuesday,$0.0,5,2019
192310,city B,$78.6,9,bjdwe, $8.7 ,5,8:39:00 PM,8:49:00 PM,10:42:00 PM,Friday,$0.0,5,2020
75081,city B,$78.6,9,bjdwe, $8.7 ,3,8:01:00 PM,8:12:00 PM,9:52:00 PM,Wednesday,$0.0,3,2021
26789,city C,$87.3,10,wehqk, $8.7 ,7,2:17:00 AM,2:27:00 AM,2:58:00 AM,Sunday,$0.0,5,2019
10178,city A,$87.3,10,acjde, $8.7 ,1,8:20:00 PM,8:29:00 PM,10:15:00 PM,Monday,$0.0,4,2021
4205,city A,$87.3,10,acjde, $8.7 ,4,8:30:00 PM,8:40:00 PM,8:43:00 PM,Thursday,$0.0,5,2020
91070,city B,$69.8,8,bjdwe, $8.7 ,6,4:01:00 AM,4:10:00 AM,5:40:00 AM,Saturday,$0.0,5,2021
113442,city A,$69.8,8,acjde, $8.7 ,6,2:13:00 AM,2:17:00 AM,2:37:00 AM,Saturday,$0.0,4,2022
14588,city B,$69.8,8,bjdwe, $8.7 ,1,3:35:00 AM,3:40:00 AM,4:00:00 AM,Monday,$0.0,5,2019
43051,city C,$8.7,1,wehqk, $8.7 ,7,7:32:00 PM,7:37:00 PM,9:37:00 PM,Sunday,$0.0,4,2021
74479,city C,$8.7,1,wehqk, $8.7 ,6,12:29:00 AM,12:34:00 AM,12:37:00 AM,Saturday,$0.0,4,2020
105568,city C,$26.0,3,wehqk, $8.7 ,6,4:01:00 AM,4:05:00 AM,4:52:00 AM,Saturday,$0.0,3,2022
15587,city C,$26.0,3,wehqk, $8.7 ,4,1:53:00 AM,1:59:00 AM,2:57:00 AM,Thursday,$0.0,4,2019
83814,city A,$26.0,3,acjde, $8.7 ,1,8:28:00 PM,8:39:00 PM,10:25:00 PM,Monday,$0.0,5,2019
10617,city B,$26.0,3,bjdwe, $8.7 ,3,9:09:00 PM,9:14:00 PM,10:37:00 PM,Wednesday,$0.0,4,2021
888,city C,$60.6,7,wehqk, $8.7 ,3,4:01:00 AM,4:05:00 AM,5:53:00 AM,Wednesday,$0.0,4,2019
157562,city A,$60.6,7,acjde, $8.7 ,7,1:24:00 AM,1:35:00 AM,2:58:00 AM,Sunday,$0.0,5,2019
9791,city C,$17.3,2,wehqk, $8.7 ,6,2:38:00 AM,2:48:00 AM,4:30:00 AM,Saturday,$0.0,3,2022
106885,city C,$17.3,2,wehqk, $8.7 ,7,2:37:00 AM,2:42:00 AM,3:20:00 AM,Sunday,$0.0,4,2020
57721,city C,$17.3,2,wehqk, $8.7 ,2,4:02:00 AM,4:11:00 AM,4:31:00 AM,Tuesday,$0.0,3,2021
1808,city C,$17.3,2,wehqk, $8.7 ,6,8:17:00 PM,8:24:00 PM,10:19:00 PM,Saturday,$0.0,3,2022
114,city A,$25.9,3,acjde, $8.6 ,5,2:31:00 AM,2:40:00 AM,3:23:00 AM,Friday,$0.0,3,2020
96351,city A,$25.9,3,acjde, $8.6 ,4,1:02:00 AM,1:06:00 AM,2:48:00 AM,Thursday,$0.0,3,2020
5634,city C,$25.9,3,wehqk, $8.6 ,2,8:43:00 PM,8:47:00 PM,9:00:00 PM,Tuesday,$0.0,3,2021
10440,city A,$25.9,3,acjde, $8.6 ,5,10:27:00 PM,10:35:00 PM,11:59:00 PM,Friday,$0.0,3,2022
1639,city B,$43.2,5,bjdwe, $8.6 ,5,5:34:00 AM,5:38:00 AM,5:58:00 AM,Friday,$0.0,3,2021
9795,city B,$34.5,4,bjdwe, $8.6 ,4,1:26:00 AM,1:31:00 AM,3:05:00 AM,Thursday,$0.0,5,2021
63430,city A,$34.5,4,acjde, $8.6 ,6,8:20:00 PM,8:29:00 PM,9:27:00 PM,Saturday,$0.0,5,2021
68226,city C,$8.6,1,wehqk, $8.6 ,6,2:30:00 AM,2:34:00 AM,4:24:00 AM,Saturday,$0.0,5,2021
80891,city A,$8.6,1,acjde, $8.6 ,6,1:31:00 AM,1:39:00 AM,2:00:00 AM,Saturday,$0.0,5,2021
2999,city C,$25.7,3,wehqk, $8.6 ,6,1:31:00 AM,1:38:00 AM,3:38:00 AM,Saturday,$0.0,3,2019
10617,city B,$25.7,3,bjdwe, $8.6 ,1,4:19:00 AM,4:24:00 AM,5:31:00 AM,Monday,$0.0,3,2021
8857,city C,$25.7,3,wehqk, $8.6 ,2,8:21:00 PM,8:31:00 PM,9:35:00 PM,Tuesday,$0.0,5,2020
77550,city C,$25.7,3,wehqk, $8.6 ,7,12:22:00 AM,12:31:00 AM,1:02:00 AM,Sunday,$0.0,4,2020
113424,city B,$85.5,10,bjdwe, $8.6 ,1,2:22:00 AM,2:26:00 AM,4:08:00 AM,Monday,$0.0,3,2019
42853,city B,$17.1,2,bjdwe, $8.6 ,2,2:41:00 AM,2:48:00 AM,3:21:00 AM,Tuesday,$0.0,5,2022
157562,city A,$17.1,2,acjde, $8.6 ,3,8:12:00 PM,8:16:00 PM,8:40:00 PM,Wednesday,$0.0,3,2019
112302,city B,$85.5,10,bjdwe, $8.6 ,1,3:10:00 AM,3:18:00 AM,5:14:00 AM,Monday,$0.0,4,2022
79435,city A,$17.1,2,acjde, $8.6 ,2,12:29:00 AM,12:39:00 AM,2:39:00 AM,Tuesday,$0.0,4,2022
10138,city C,$17.1,2,wehqk, $8.6 ,6,8:26:00 PM,8:33:00 PM,9:32:00 PM,Saturday,$0.0,4,2019
98669,city B,$85.5,10,bjdwe, $8.6 ,5,7:48:00 PM,7:57:00 PM,9:09:00 PM,Friday,$0.0,3,2020
92300,city A,$17.1,2,acjde, $8.6 ,7,2:21:00 AM,2:30:00 AM,3:32:00 AM,Sunday,$0.0,5,2020
69801,city C,$17.1,2,wehqk, $8.6 ,4,3:17:00 AM,3:23:00 AM,5:01:00 AM,Thursday,$0.0,4,2019
6047,city A,$17.1,2,acjde, $8.6 ,4,3:29:00 AM,3:38:00 AM,4:08:00 AM,Thursday,$0.0,4,2022
91070,city B,$17.1,2,bjdwe, $8.6 ,5,8:29:00 PM,8:38:00 PM,10:07:00 PM,Friday,$0.0,5,2021
54344,city C,$34.2,4,wehqk, $8.5 ,6,1:43:00 AM,1:47:00 AM,2:23:00 AM,Saturday,$0.0,5,2020
13631,city B,$34.2,4,bjdwe, $8.5 ,5,12:45:00 AM,12:54:00 AM,12:56:00 AM,Friday,$0.0,4,2021
72104,city C,$34.1,4,wehqk, $8.5 ,3,1:23:00 AM,1:33:00 AM,2:12:00 AM,Wednesday,$0.0,3,2019
7200,city C,$8.5,1,wehqk, $8.5 ,1,1:18:00 AM,1:28:00 AM,1:31:00 AM,Monday,$0.0,5,2020
1934,city A,$8.5,1,acjde, $8.5 ,3,12:49:00 AM,12:57:00 AM,2:53:00 AM,Wednesday,$0.0,4,2021
8000,city A,$8.5,1,acjde, $8.5 ,1,1:14:00 AM,1:24:00 AM,1:45:00 AM,Monday,$0.0,5,2020
99165,city C,$8.5,1,wehqk, $8.5 ,6,4:48:00 AM,4:57:00 AM,5:02:00 AM,Saturday,$0.0,3,2020
8114,city A,$8.5,1,acjde, $8.5 ,4,8:29:00 PM,8:34:00 PM,9:23:00 PM,Thursday,$0.0,5,2019
9799,city A,$25.4,3,acjde, $8.5 ,1,2:14:00 AM,2:20:00 AM,4:16:00 AM,Monday,$0.0,5,2021
8449,city A,$25.4,3,acjde, $8.5 ,3,7:28:00 PM,7:37:00 PM,8:50:00 PM,Wednesday,$0.0,4,2019
77550,city C,$67.6,8,wehqk, $8.5 ,4,2:37:00 AM,2:42:00 AM,4:36:00 AM,Thursday,$0.0,5,2020
56063,city B,$67.6,8,bjdwe, $8.5 ,5,8:21:00 PM,8:30:00 PM,9:26:00 PM,Friday,$0.0,4,2020
59776,city A,$67.6,8,acjde, $8.5 ,3,4:03:00 AM,4:10:00 AM,4:56:00 AM,Wednesday,$0.0,4,2020
3005,city B,$59.1,7,bjdwe, $8.4 ,5,4:38:00 AM,4:46:00 AM,5:51:00 AM,Friday,$0.0,3,2022
79435,city A,$59.1,7,acjde, $8.4 ,4,4:17:00 AM,4:27:00 AM,5:28:00 AM,Thursday,$0.0,4,2022
6047,city A,$33.7,4,acjde, $8.4 ,6,8:20:00 PM,8:28:00 PM,9:21:00 PM,Saturday,$0.0,5,2022
4429,city B,$58.8,7,bjdwe, $8.4 ,4,1:38:00 AM,1:47:00 AM,3:35:00 AM,Thursday,$0.0,3,2022
68011,city B,$16.8,2,bjdwe, $8.4 ,3,3:03:00 AM,3:13:00 AM,3:34:00 AM,Wednesday,$0.0,5,2019
12300,city C,$16.8,2,wehqk, $8.4 ,1,8:31:00 PM,8:40:00 PM,10:35:00 PM,Monday,$0.0,5,2019
109936,city C,$8.4,1,wehqk, $8.4 ,4,4:06:00 AM,4:14:00 AM,4:52:00 AM,Thursday,$0.0,5,2021
75781,city C,$8.4,1,wehqk, $8.4 ,5,8:07:00 PM,8:12:00 PM,8:16:00 PM,Friday,$0.0,4,2019
194152,city A,$8.4,1,acjde, $8.4 ,5,7:12:00 PM,7:16:00 PM,7:39:00 PM,Friday,$0.0,4,2022
1210,city C,$8.4,1,wehqk, $8.4 ,1,2:48:00 AM,2:58:00 AM,4:07:00 AM,Monday,$0.0,3,2022
57966,city B,$8.4,1,bjdwe, $8.4 ,5,3:11:00 AM,3:15:00 AM,4:18:00 AM,Friday,$0.0,3,2020
8083,city A,$8.4,1,acjde, $8.4 ,7,3:09:00 AM,3:15:00 AM,4:36:00 AM,Sunday,$0.0,5,2019
69975,city A,$58.8,7,acjde, $8.4 ,1,6:59:00 PM,7:06:00 PM,7:13:00 PM,Monday,$0.0,5,2022
105253,city B,$16.8,2,bjdwe, $8.4 ,5,3:33:00 AM,3:42:00 AM,4:51:00 AM,Friday,$0.0,3,2020
194008,city C,$16.8,2,wehqk, $8.4 ,7,10:29:00 PM,10:33:00 PM,12:13:00 AM,Sunday,$0.0,4,2022
1796,city B,$16.8,2,bjdwe, $8.4 ,5,10:59:00 PM,11:03:00 PM,11:37:00 PM,Friday,$0.0,3,2021
3006,city A,$16.8,2,acjde, $8.4 ,5,10:23:00 PM,10:32:00 PM,10:55:00 PM,Friday,$0.0,5,2020
14588,city B,$16.8,2,bjdwe, $8.4 ,2,8:29:00 PM,8:37:00 PM,10:30:00 PM,Tuesday,$0.0,4,2019
11721,city C,$16.8,2,wehqk, $8.4 ,3,9:46:00 PM,9:51:00 PM,10:15:00 PM,Wednesday,$0.0,5,2019
18376,city A,$16.7,2,acjde, $8.4 ,4,3:23:00 AM,3:34:00 AM,5:31:00 AM,Thursday,$0.0,4,2019
13018,city B,$16.7,2,bjdwe, $8.4 ,1,4:00:00 AM,4:09:00 AM,4:23:00 AM,Monday,$0.0,5,2020
3891,city A,$16.7,2,acjde, $8.4 ,6,3:17:00 AM,3:26:00 AM,5:22:00 AM,Saturday,$0.0,5,2022
86464,city A,$16.7,2,acjde, $8.4 ,4,8:48:00 PM,8:57:00 PM,9:12:00 PM,Thursday,$0.0,4,2019
100052,city C,$16.7,2,wehqk, $8.4 ,1,3:00:00 AM,3:11:00 AM,4:23:00 AM,Monday,$0.0,4,2022
8656,city A,$16.7,2,acjde, $8.4 ,7,6:19:00 PM,6:29:00 PM,8:03:00 PM,Sunday,$0.0,3,2019
17801,city B,$16.7,2,bjdwe, $8.4 ,2,4:27:00 AM,4:36:00 AM,6:13:00 AM,Tuesday,$0.0,4,2019
8007,city A,$16.7,2,acjde, $8.4 ,2,8:03:00 PM,8:14:00 PM,9:09:00 PM,Tuesday,$0.0,3,2021
79435,city A,$100.0,12,acjde, $8.3 ,6,2:50:00 AM,3:00:00 AM,4:20:00 AM,Saturday,$0.0,1,2022
8000,city A,$25.0,3,acjde, $8.3 ,5,3:03:00 AM,3:12:00 AM,4:07:00 AM,Friday,$0.0,5,2020
90330,city C,$25.0,3,wehqk, $8.3 ,6,2:27:00 AM,2:38:00 AM,2:40:00 AM,Saturday,$0.0,4,2020
9796,city C,$25.0,3,wehqk, $8.3 ,2,3:39:00 AM,3:50:00 AM,4:12:00 AM,Tuesday,$0.0,3,2021
6116,city B,$25.0,3,bjdwe, $8.3 ,6,8:01:00 PM,8:12:00 PM,8:51:00 PM,Saturday,$0.0,5,2021
12153,city C,$25.0,3,wehqk, $8.3 ,4,6:48:00 PM,6:57:00 PM,8:17:00 PM,Thursday,$0.0,3,2019
7375,city C,$33.3,4,wehqk, $8.3 ,3,2:23:00 AM,2:34:00 AM,3:48:00 AM,Wednesday,$0.0,5,2022
199572,city B,$91.6,11,bjdwe, $8.3 ,4,4:30:00 AM,4:39:00 AM,5:07:00 AM,Thursday,$0.0,3,2022
156692,city C,$91.6,11,wehqk, $8.3 ,5,7:50:00 PM,8:00:00 PM,8:46:00 PM,Friday,$0.0,5,2022
45831,city A,$91.6,11,acjde, $8.3 ,1,7:43:00 PM,7:54:00 PM,8:45:00 PM,Monday,$0.0,4,2020
7978,city A,$25.0,3,acjde, $8.3 ,3,2:20:00 AM,2:30:00 AM,3:13:00 AM,Wednesday,$0.0,5,2022
18376,city A,$25.0,3,acjde, $8.3 ,6,3:11:00 AM,3:20:00 AM,5:20:00 AM,Saturday,$0.0,4,2019
106154,city C,$99.7,12,wehqk, $8.3 ,5,1:29:00 AM,1:38:00 AM,3:10:00 AM,Friday,$0.0,5,2021
62969,city A,$99.7,12,acjde, $8.3 ,3,3:05:00 AM,3:14:00 AM,5:04:00 AM,Wednesday,$0.0,4,2021
5804,city A,$99.7,12,acjde, $8.3 ,3,2:58:00 AM,3:09:00 AM,3:21:00 AM,Wednesday,$0.0,5,2020
105568,city C,$8.3,1,wehqk, $8.3 ,7,10:35:00 PM,10:45:00 PM,11:54:00 PM,Sunday,$0.0,5,2022
14739,city A,$8.3,1,acjde, $8.3 ,2,2:22:00 AM,2:33:00 AM,4:27:00 AM,Tuesday,$0.0,5,2019
101840,city C,$91.3,11,wehqk, $8.3 ,6,2:41:00 AM,2:52:00 AM,4:18:00 AM,Saturday,$0.0,3,2020
8007,city A,$24.9,3,acjde, $8.3 ,3,3:59:00 AM,4:09:00 AM,5:19:00 AM,Wednesday,$0.0,4,2021
87589,city C,$91.3,11,wehqk, $8.3 ,5,7:05:00 PM,7:15:00 PM,7:32:00 PM,Friday,$0.0,3,2022
7248,city A,$91.3,11,acjde, $8.3 ,2,3:39:00 AM,3:50:00 AM,4:52:00 AM,Tuesday,$0.0,3,2020
3000,city B,$24.9,3,bjdwe, $8.3 ,2,3:15:00 AM,3:25:00 AM,4:58:00 AM,Tuesday,$0.0,5,2021
6609,city B,$82.8,10,bjdwe, $8.3 ,6,1:09:00 AM,1:19:00 AM,1:39:00 AM,Saturday,$0.0,3,2022
77550,city C,$82.8,10,wehqk, $8.3 ,5,4:07:00 AM,4:17:00 AM,4:42:00 AM,Friday,$0.0,4,2020
93902,city B,$82.8,10,bjdwe, $8.3 ,2,2:42:00 AM,2:53:00 AM,3:55:00 AM,Tuesday,$0.0,4,2019
144,city B,$16.5,2,bjdwe, $8.3 ,1,2:17:00 AM,2:26:00 AM,3:37:00 AM,Monday,$0.0,5,2019
8688,city C,$16.5,2,wehqk, $8.3 ,2,2:18:00 AM,2:29:00 AM,3:12:00 AM,Tuesday,$0.0,5,2020
106154,city C,$16.5,2,wehqk, $8.3 ,4,9:32:00 PM,9:43:00 PM,10:28:00 PM,Thursday,$0.0,3,2021
1796,city B,$16.5,2,bjdwe, $8.3 ,5,3:26:00 AM,3:37:00 AM,4:19:00 AM,Friday,$0.0,4,2021
3000,city B,$65.9,8,bjdwe, $8.2 ,7,4:34:00 AM,4:43:00 AM,6:28:00 AM,Sunday,$0.0,5,2021
13489,city A,$33.0,4,acjde, $8.2 ,6,2:17:00 AM,2:26:00 AM,2:49:00 AM,Saturday,$0.0,3,2020
5673,city C,$65.9,8,wehqk, $8.2 ,3,8:30:00 PM,8:40:00 PM,8:53:00 PM,Wednesday,$0.0,5,2020
100102,city B,$65.9,8,bjdwe, $8.2 ,6,8:21:00 PM,8:31:00 PM,9:26:00 PM,Saturday,$0.0,3,2019
79657,city C,$24.7,3,wehqk, $8.2 ,4,1:48:00 AM,1:58:00 AM,2:37:00 AM,Thursday,$0.0,3,2021
3319,city C,$24.7,3,wehqk, $8.2 ,7,2:28:00 AM,2:37:00 AM,3:26:00 AM,Sunday,$0.0,4,2020
497,city A,$24.7,3,acjde, $8.2 ,4,5:52:00 AM,6:02:00 AM,7:03:00 AM,Thursday,$0.0,3,2022
3657,city B,$24.7,3,bjdwe, $8.2 ,6,8:04:00 PM,8:15:00 PM,8:28:00 PM,Saturday,$0.0,5,2019
550,city B,$90.3,11,bjdwe, $8.2 ,7,3:58:00 AM,4:07:00 AM,4:18:00 AM,Sunday,$0.0,3,2019
74371,city B,$90.3,11,bjdwe, $8.2 ,6,7:54:00 PM,8:04:00 PM,9:43:00 PM,Saturday,$0.0,3,2019
156011,city B,$90.3,11,bjdwe, $8.2 ,4,2:14:00 AM,2:25:00 AM,3:42:00 AM,Thursday,$0.0,5,2019
7408,city B,$73.8,9,bjdwe, $8.2 ,1,2:12:00 AM,2:23:00 AM,4:05:00 AM,Monday,$0.0,3,2021
4484,city C,$16.4,2,wehqk, $8.2 ,2,8:21:00 PM,8:31:00 PM,8:53:00 PM,Tuesday,$0.0,3,2020
194152,city A,$16.4,2,acjde, $8.2 ,6,2:11:00 AM,2:22:00 AM,3:05:00 AM,Saturday,$0.0,3,2022
113389,city B,$8.2,1,bjdwe, $8.2 ,5,2:38:00 AM,2:48:00 AM,3:00:00 AM,Friday,$0.0,3,2021
11825,city A,$8.2,1,acjde, $8.2 ,2,5:26:00 AM,5:37:00 AM,6:46:00 AM,Tuesday,$0.0,4,2020
1934,city A,$73.8,9,acjde, $8.2 ,5,3:10:00 AM,3:21:00 AM,4:42:00 AM,Friday,$0.0,5,2021
15647,city B,$73.8,9,bjdwe, $8.2 ,3,8:22:00 PM,8:33:00 PM,10:14:00 PM,Wednesday,$0.0,4,2020
80891,city A,$16.4,2,acjde, $8.2 ,3,4:07:00 AM,4:17:00 AM,5:39:00 AM,Wednesday,$0.0,4,2021
8276,city B,$16.4,2,bjdwe, $8.2 ,7,2:20:00 AM,2:31:00 AM,3:45:00 AM,Sunday,$0.0,5,2021
896,city C,$73.8,9,wehqk, $8.2 ,5,7:10:00 PM,7:20:00 PM,8:46:00 PM,Friday,$0.0,5,2021
5550,city C,$16.4,2,wehqk, $8.2 ,6,2:59:00 AM,3:08:00 AM,4:31:00 AM,Saturday,$0.0,5,2019
1424,city C,$16.4,2,wehqk, $8.2 ,3,6:20:00 PM,6:30:00 PM,6:58:00 PM,Wednesday,$0.0,4,2020
13846,city A,$73.8,9,acjde, $8.2 ,3,8:46:00 PM,8:55:00 PM,10:34:00 PM,Wednesday,$0.0,4,2020
68187,city A,$16.4,2,acjde, $8.2 ,2,3:55:00 AM,4:06:00 AM,5:01:00 AM,Tuesday,$0.0,3,2021
82591,city A,$16.4,2,acjde, $8.2 ,7,3:10:00 AM,3:20:00 AM,4:04:00 AM,Sunday,$0.0,5,2022
190940,city A,$73.8,9,acjde, $8.2 ,4,8:33:00 PM,8:42:00 PM,9:13:00 PM,Thursday,$0.0,4,2021
10510,city A,$32.8,4,acjde, $8.2 ,5,2:54:00 AM,3:05:00 AM,5:05:00 AM,Friday,$0.0,4,2021
15647,city B,$32.5,4,bjdwe, $8.1 ,3,3:04:00 AM,3:13:00 AM,5:00:00 AM,Wednesday,$0.0,4,2020
4093,city C,$89.1,11,wehqk, $8.1 ,7,1:52:00 AM,2:03:00 AM,3:37:00 AM,Sunday,$0.0,3,2019
194008,city C,$89.1,11,wehqk, $8.1 ,5,2:50:00 AM,2:59:00 AM,3:32:00 AM,Friday,$0.0,4,2022
13752,city B,$89.1,11,bjdwe, $8.1 ,2,8:30:00 PM,8:39:00 PM,9:26:00 PM,Tuesday,$0.0,5,2021
156692,city C,$24.3,3,wehqk, $8.1 ,3,2:17:00 AM,2:26:00 AM,4:04:00 AM,Wednesday,$0.0,5,2022
12881,city A,$8.1,1,acjde, $8.1 ,1,7:18:00 PM,7:28:00 PM,9:03:00 PM,Monday,$0.0,4,2022
13752,city B,$8.1,1,bjdwe, $8.1 ,3,3:31:00 AM,3:41:00 AM,4:56:00 AM,Wednesday,$0.0,4,2021
7452,city B,$24.3,3,bjdwe, $8.1 ,1,9:47:00 PM,9:58:00 PM,10:55:00 PM,Monday,$0.0,5,2020
75107,city B,$96.4,12,bjdwe, $8.0 ,6,2:15:00 AM,2:26:00 AM,3:13:00 AM,Saturday,$0.0,4,2021
23309,city B,$24.1,3,bjdwe, $8.0 ,5,2:34:00 AM,2:43:00 AM,3:38:00 AM,Friday,$0.0,4,2020
1992,city A,$24.1,3,acjde, $8.0 ,6,4:04:00 AM,4:15:00 AM,4:24:00 AM,Saturday,$0.0,3,2019
4924,city B,$96.4,12,bjdwe, $8.0 ,7,6:28:00 PM,6:39:00 PM,8:12:00 PM,Sunday,$0.0,3,2019
60670,city C,$96.4,12,wehqk, $8.0 ,4,2:26:00 AM,2:36:00 AM,3:51:00 AM,Thursday,$0.0,3,2019
72104,city C,$24.1,3,wehqk, $8.0 ,3,9:29:00 PM,9:38:00 PM,10:48:00 PM,Wednesday,$0.0,5,2019
1901,city B,$24.1,3,bjdwe, $8.0 ,2,4:11:00 AM,4:22:00 AM,5:12:00 AM,Tuesday,$0.0,3,2021
4983,city A,$24.1,3,acjde, $8.0 ,7,11:18:00 PM,11:28:00 PM,11:56:00 PM,Sunday,$0.0,5,2020
195630,city C,$24.1,3,wehqk, $8.0 ,5,9:11:00 PM,9:20:00 PM,9:47:00 PM,Friday,$0.0,3,2021
2177,city A,$96.1,12,acjde, $8.0 ,6,2:10:00 AM,2:19:00 AM,3:05:00 AM,Saturday,$0.0,3,2019
79156,city A,$96.1,12,acjde, $8.0 ,1,3:06:00 AM,3:17:00 AM,4:13:00 AM,Monday,$0.0,5,2022
2639,city C,$96.1,12,wehqk, $8.0 ,2,8:06:00 PM,8:15:00 PM,9:06:00 PM,Tuesday,$0.0,3,2022
28879,city A,$96.0,12,acjde, $8.0 ,7,2:12:00 AM,2:22:00 AM,3:00:00 AM,Sunday,$0.0,4,2020
196384,city A,$16.0,2,acjde, $8.0 ,4,2:40:00 AM,2:50:00 AM,4:00:00 AM,Thursday,$0.0,4,2021
83710,city B,$16.0,2,bjdwe, $8.0 ,6,4:18:00 AM,4:29:00 AM,5:31:00 AM,Saturday,$0.0,4,2020
14739,city A,$16.0,2,acjde, $8.0 ,6,5:24:00 AM,5:33:00 AM,7:32:00 AM,Saturday,$0.0,5,2019
67988,city C,$16.0,2,wehqk, $8.0 ,5,2:46:00 AM,2:55:00 AM,4:35:00 AM,Friday,$0.0,3,2021
79136,city A,$8.0,1,acjde, $8.0 ,5,2:51:00 AM,3:00:00 AM,3:32:00 AM,Friday,$0.0,4,2020
83710,city B,$96.0,12,bjdwe, $8.0 ,3,3:39:00 AM,3:50:00 AM,4:55:00 AM,Wednesday,$0.0,3,2020
7050,city B,$16.0,2,bjdwe, $8.0 ,4,5:57:00 AM,6:06:00 AM,7:44:00 AM,Thursday,$0.0,3,2020
157562,city A,$16.0,2,acjde, $8.0 ,5,2:50:00 AM,3:00:00 AM,3:16:00 AM,Friday,$0.0,4,2019
88846,city A,$96.0,12,acjde, $8.0 ,3,4:47:00 AM,4:56:00 AM,5:39:00 AM,Wednesday,$0.0,5,2020
11615,city A,$16.0,2,acjde, $8.0 ,5,8:19:00 PM,8:30:00 PM,9:08:00 PM,Friday,$0.0,4,2022
10953,city A,$16.0,2,acjde, $8.0 ,2,5:46:00 AM,5:55:00 AM,7:45:00 AM,Tuesday,$0.0,4,2022
4497,city B,$16.0,2,bjdwe, $8.0 ,1,4:28:00 AM,4:38:00 AM,6:38:00 AM,Monday,$0.0,4,2021
9791,city C,$16.0,2,wehqk, $8.0 ,7,8:07:00 PM,8:18:00 PM,9:16:00 PM,Sunday,$0.0,4,2022
113389,city B,$16.0,2,bjdwe, $8.0 ,7,10:35:00 PM,10:44:00 PM,11:33:00 PM,Sunday,$0.0,5,2021
92816,city B,$16.0,2,bjdwe, $8.0 ,4,6:26:00 PM,6:36:00 PM,6:59:00 PM,Thursday,$0.0,3,2019
88854,city B,$62.8,8,bjdwe, $7.9 ,1,2:29:00 AM,2:40:00 AM,2:48:00 AM,Monday,$0.0,5,2022
6528,city A,$15.7,2,acjde, $7.9 ,1,2:24:00 AM,2:34:00 AM,4:03:00 AM,Monday,$0.0,5,2019
90134,city B,$15.7,2,bjdwe, $7.9 ,1,2:20:00 AM,2:29:00 AM,3:13:00 AM,Monday,$0.0,5,2019
67104,city C,$62.8,8,wehqk, $7.9 ,1,8:27:00 PM,8:38:00 PM,9:15:00 PM,Monday,$0.0,4,2022
56904,city B,$62.8,8,bjdwe, $7.9 ,5,8:51:00 PM,9:02:00 PM,9:24:00 PM,Friday,$0.0,3,2022
102495,city B,$62.7,8,bjdwe, $7.8 ,5,1:28:00 AM,1:39:00 AM,2:22:00 AM,Friday,$0.0,5,2021
1810,city A,$62.7,8,acjde, $7.8 ,5,8:02:00 PM,8:13:00 PM,8:39:00 PM,Friday,$0.0,4,2021
555,city A,$62.7,8,acjde, $7.8 ,6,6:52:00 PM,7:01:00 PM,8:53:00 PM,Saturday,$0.0,5,2021
4431,city A,$23.5,3,acjde, $7.8 ,1,4:17:00 AM,4:27:00 AM,5:24:00 AM,Monday,$0.0,5,2021
101840,city C,$23.5,3,wehqk, $7.8 ,4,4:36:00 AM,4:47:00 AM,6:12:00 AM,Thursday,$0.0,5,2020
14722,city A,$23.5,3,acjde, $7.8 ,5,8:31:00 PM,8:42:00 PM,9:45:00 PM,Friday,$0.0,5,2020
54477,city C,$23.5,3,wehqk, $7.8 ,6,8:32:00 PM,8:41:00 PM,8:43:00 PM,Saturday,$0.0,4,2021
8290,city A,$23.5,3,acjde, $7.8 ,6,8:40:00 PM,8:49:00 PM,9:04:00 PM,Saturday,$0.0,4,2019
26373,city C,$23.5,3,wehqk, $7.8 ,7,8:26:00 PM,8:37:00 PM,10:00:00 PM,Sunday,$0.0,4,2022
7618,city B,$62.5,8,bjdwe, $7.8 ,5,3:38:00 AM,3:48:00 AM,4:54:00 AM,Friday,$0.0,3,2020
3728,city A,$62.5,8,acjde, $7.8 ,4,1:34:00 AM,1:43:00 AM,2:16:00 AM,Thursday,$0.0,4,2019
5962,city B,$62.5,8,bjdwe, $7.8 ,3,4:33:00 AM,4:42:00 AM,5:18:00 AM,Wednesday,$0.0,4,2019
88400,city A,$15.6,2,acjde, $7.8 ,7,1:59:00 AM,2:08:00 AM,3:07:00 AM,Sunday,$0.0,3,2022
93954,city B,$15.6,2,bjdwe, $7.8 ,7,8:17:00 PM,8:26:00 PM,10:06:00 PM,Sunday,$0.0,4,2021
92490,city C,$31.1,4,wehqk, $7.8 ,4,4:02:00 AM,4:11:00 AM,5:07:00 AM,Thursday,$0.0,3,2021
9787,city B,$54.3,7,bjdwe, $7.8 ,1,1:11:00 AM,1:21:00 AM,1:45:00 AM,Monday,$0.0,3,2020
45711,city A,$54.3,7,acjde, $7.8 ,6,4:21:00 AM,4:32:00 AM,5:47:00 AM,Saturday,$0.0,5,2021
1833,city C,$53.8,7,wehqk, $7.7 ,2,2:46:00 AM,2:57:00 AM,4:50:00 AM,Tuesday,$0.0,4,2020
113496,city C,$53.8,7,wehqk, $7.7 ,6,2:08:00 AM,2:17:00 AM,3:22:00 AM,Saturday,$0.0,5,2019
60669,city C,$23.0,3,wehqk, $7.7 ,4,2:14:00 AM,2:24:00 AM,4:20:00 AM,Thursday,$0.0,4,2022
5804,city A,$23.0,3,acjde, $7.7 ,6,8:04:00 PM,8:15:00 PM,8:30:00 PM,Saturday,$0.0,4,2020
78520,city C,$15.3,2,wehqk, $7.7 ,4,2:16:00 AM,2:27:00 AM,3:08:00 AM,Thursday,$0.0,4,2019
97556,city C,$15.3,2,wehqk, $7.7 ,2,2:25:00 AM,2:36:00 AM,3:59:00 AM,Tuesday,$0.0,5,2020
99165,city C,$83.1,11,wehqk, $7.6 ,6,2:18:00 AM,2:29:00 AM,3:04:00 AM,Saturday,$0.0,5,2020
10440,city A,$83.1,11,acjde, $7.6 ,4,3:10:00 AM,3:21:00 AM,3:41:00 AM,Thursday,$0.0,3,2022
9821,city B,$83.1,11,bjdwe, $7.6 ,2,4:33:00 AM,4:43:00 AM,6:05:00 AM,Tuesday,$0.0,5,2020
7248,city A,$90.3,12,acjde, $7.5 ,7,3:56:00 AM,4:05:00 AM,4:37:00 AM,Sunday,$0.0,4,2020
78520,city C,$90.3,12,wehqk, $7.5 ,3,7:49:00 PM,8:00:00 PM,9:34:00 PM,Wednesday,$0.0,5,2019
158403,city A,$90.3,12,acjde, $7.5 ,6,2:17:00 AM,2:28:00 AM,3:51:00 AM,Saturday,$0.0,3,2019
95807,city C,$45.1,6,wehqk, $7.5 ,4,10:03:00 PM,10:13:00 PM,10:24:00 PM,Thursday,$0.0,3,2022
88846,city A,$97.6,13,acjde, $7.5 ,4,2:11:00 AM,2:21:00 AM,2:55:00 AM,Thursday,$0.0,4,2020
102508,city C,$97.6,13,wehqk, $7.5 ,4,8:02:00 PM,8:13:00 PM,8:29:00 PM,Thursday,$0.0,4,2020
38800,city A,$97.6,13,acjde, $7.5 ,5,4:46:00 AM,4:56:00 AM,5:41:00 AM,Friday,$0.0,5,2021
1072,city A,$97.6,13,acjde, $7.5 ,6,8:17:00 PM,8:26:00 PM,9:08:00 PM,Saturday,$0.0,4,2020
9796,city C,$97.6,13,wehqk, $7.5 ,1,11:12:00 PM,11:23:00 PM,12:41:00 AM,Monday,$0.0,5,2021
91831,city C,$15.0,2,wehqk, $7.5 ,1,4:17:00 AM,4:28:00 AM,5:25:00 AM,Monday,$0.0,4,2019
102495,city B,$15.0,2,bjdwe, $7.5 ,3,4:17:00 AM,4:28:00 AM,6:20:00 AM,Wednesday,$0.0,4,2021
68267,city B,$59.9,8,bjdwe, $7.5 ,4,12:30:00 AM,12:40:00 AM,12:57:00 AM,Thursday,$0.0,5,2020
4924,city B,$59.9,8,bjdwe, $7.5 ,6,2:19:00 AM,2:28:00 AM,2:45:00 AM,Saturday,$0.0,3,2019
10052,city A,$59.9,8,acjde, $7.5 ,6,3:04:00 AM,3:14:00 AM,4:12:00 AM,Saturday,$0.0,4,2021
6502,city C,$29.7,4,wehqk, $7.4 ,3,2:20:00 AM,2:29:00 AM,4:13:00 AM,Wednesday,$0.0,3,2021
42240,city C,$29.7,4,wehqk, $7.4 ,2,1:32:00 AM,1:42:00 AM,2:23:00 AM,Tuesday,$0.0,5,2019
194008,city C,$66.8,9,wehqk, $7.4 ,1,2:36:00 AM,2:45:00 AM,2:58:00 AM,Monday,$0.0,3,2022
11551,city A,$66.8,9,acjde, $7.4 ,1,11:13:00 PM,11:24:00 PM,12:44:00 AM,Monday,$0.0,3,2021
967,city A,$66.8,9,acjde, $7.4 ,6,8:31:00 PM,8:40:00 PM,10:13:00 PM,Saturday,$0.0,3,2022
66730,city C,$66.8,9,wehqk, $7.4 ,3,8:00:00 PM,8:11:00 PM,9:04:00 PM,Wednesday,$0.0,5,2020
192310,city B,$66.8,9,bjdwe, $7.4 ,3,2:57:00 AM,3:07:00 AM,4:27:00 AM,Wednesday,$0.0,3,2020
61738,city A,$66.8,9,acjde, $7.4 ,7,8:39:00 PM,8:49:00 PM,9:27:00 PM,Sunday,$0.0,3,2022
959,city C,$22.2,3,wehqk, $7.4 ,1,2:35:00 AM,2:46:00 AM,3:19:00 AM,Monday,$0.0,3,2020
1895,city B,$22.2,3,bjdwe, $7.4 ,5,3:09:00 AM,3:20:00 AM,3:28:00 AM,Friday,$0.0,4,2021
459,city A,$22.2,3,acjde, $7.4 ,4,12:10:00 AM,12:21:00 AM,12:50:00 AM,Thursday,$0.0,3,2020
91831,city C,$59.0,8,wehqk, $7.4 ,1,2:08:00 AM,2:19:00 AM,2:33:00 AM,Monday,$0.0,5,2019
4187,city C,$59.0,8,wehqk, $7.4 ,7,8:48:00 PM,8:57:00 PM,9:35:00 PM,Sunday,$0.0,4,2021
10580,city C,$59.0,8,wehqk, $7.4 ,4,3:20:00 AM,3:30:00 AM,3:57:00 AM,Thursday,$0.0,5,2020
8007,city A,$44.2,6,acjde, $7.4 ,6,3:13:00 AM,3:23:00 AM,4:04:00 AM,Saturday,$0.0,3,2021
192310,city B,$14.7,2,bjdwe, $7.4 ,1,12:15:00 AM,12:24:00 AM,1:58:00 AM,Monday,$0.0,4,2020
9821,city B,$14.7,2,bjdwe, $7.4 ,1,1:41:00 AM,1:52:00 AM,3:52:00 AM,Monday,$0.0,4,2020
9799,city A,$22.0,3,acjde, $7.3 ,3,4:10:00 AM,4:20:00 AM,5:48:00 AM,Wednesday,$0.0,5,2021
192310,city B,$22.0,3,bjdwe, $7.3 ,7,2:51:00 AM,3:00:00 AM,4:12:00 AM,Sunday,$0.0,5,2020
20098,city B,$22.0,3,bjdwe, $7.3 ,7,10:13:00 PM,10:24:00 PM,11:51:00 PM,Sunday,$0.0,3,2022
111239,city C,$22.0,3,wehqk, $7.3 ,7,4:23:00 AM,4:34:00 AM,6:01:00 AM,Sunday,$0.0,5,2019
78549,city B,$22.0,3,bjdwe, $7.3 ,5,3:00:00 AM,3:11:00 AM,3:48:00 AM,Friday,$0.0,3,2019
9874,city A,$22.0,3,acjde, $7.3 ,6,8:55:00 PM,9:04:00 PM,10:28:00 PM,Saturday,$0.0,4,2021
79156,city A,$95.0,13,acjde, $7.3 ,7,2:46:00 AM,2:57:00 AM,3:09:00 AM,Sunday,$0.0,1,2022
91497,city B,$58.4,8,bjdwe, $7.3 ,7,8:38:00 PM,8:48:00 PM,9:38:00 PM,Sunday,$0.0,5,2020
25076,city B,$43.8,6,bjdwe, $7.3 ,4,4:30:00 AM,4:41:00 AM,4:52:00 AM,Thursday,$0.0,5,2021
75781,city C,$21.9,3,wehqk, $7.3 ,1,11:59:00 PM,12:10:00 AM,1:44:00 AM,Monday,$0.0,3,2019
78887,city A,$58.4,8,acjde, $7.3 ,6,8:23:00 PM,8:32:00 PM,9:24:00 PM,Saturday,$0.0,5,2020
1762,city A,$58.4,8,acjde, $7.3 ,4,5:01:00 AM,5:12:00 AM,6:27:00 AM,Thursday,$0.0,4,2021
10634,city A,$21.9,3,acjde, $7.3 ,1,4:25:00 AM,4:34:00 AM,4:36:00 AM,Monday,$0.0,4,2022
68236,city A,$21.9,3,acjde, $7.3 ,5,12:11:00 AM,12:21:00 AM,12:28:00 AM,Friday,$0.0,3,2020
6477,city B,$65.5,9,bjdwe, $7.3 ,7,1:10:00 AM,1:21:00 AM,2:52:00 AM,Sunday,$0.0,5,2019
106572,city C,$65.5,9,wehqk, $7.3 ,7,3:10:00 AM,3:19:00 AM,4:37:00 AM,Sunday,$0.0,5,2019
9959,city A,$65.5,9,acjde, $7.3 ,2,8:43:00 PM,8:54:00 PM,9:25:00 PM,Tuesday,$0.0,4,2021
967,city A,$65.5,9,acjde, $7.3 ,3,3:17:00 AM,3:26:00 AM,4:52:00 AM,Wednesday,$0.0,3,2022
13846,city A,$65.5,9,acjde, $7.3 ,2,3:03:00 AM,3:14:00 AM,5:08:00 AM,Tuesday,$0.0,3,2020
197636,city C,$65.5,9,wehqk, $7.3 ,7,2:18:00 AM,2:29:00 AM,3:39:00 AM,Sunday,$0.0,3,2020
14573,city A,$94.1,13,acjde, $7.2 ,6,12:22:00 AM,12:31:00 AM,1:06:00 AM,Saturday,$0.0,4,2021
7682,city B,$94.1,13,bjdwe, $7.2 ,3,8:06:00 PM,8:15:00 PM,9:32:00 PM,Wednesday,$0.0,4,2020
12300,city C,$94.1,13,wehqk, $7.2 ,2,3:09:00 AM,3:18:00 AM,3:41:00 AM,Tuesday,$0.0,5,2019
99165,city C,$94.1,13,wehqk, $7.2 ,5,8:58:00 PM,9:08:00 PM,10:39:00 PM,Friday,$0.0,5,2020
5403,city B,$94.1,13,bjdwe, $7.2 ,6,4:01:00 AM,4:11:00 AM,4:43:00 AM,Saturday,$0.0,5,2021
87244,city C,$86.8,12,wehqk, $7.2 ,5,12:31:00 AM,12:42:00 AM,1:49:00 AM,Friday,$0.0,4,2022
97556,city C,$86.8,12,wehqk, $7.2 ,6,7:46:00 PM,7:57:00 PM,9:15:00 PM,Saturday,$0.0,3,2020
896,city C,$86.8,12,wehqk, $7.2 ,2,2:14:00 AM,2:25:00 AM,2:37:00 AM,Tuesday,$0.0,3,2021
97044,city B,$79.4,11,bjdwe, $7.2 ,5,2:13:00 AM,2:22:00 AM,2:30:00 AM,Friday,$0.0,5,2021
91848,city B,$79.4,11,bjdwe, $7.2 ,7,8:21:00 PM,8:31:00 PM,10:29:00 PM,Sunday,$0.0,5,2019
80104,city C,$79.4,11,wehqk, $7.2 ,6,4:17:00 AM,4:26:00 AM,5:49:00 AM,Saturday,$0.0,5,2019
105253,city B,$64.9,9,bjdwe, $7.2 ,7,3:20:00 AM,3:29:00 AM,4:10:00 AM,Sunday,$0.0,5,2020
93954,city B,$64.9,9,bjdwe, $7.2 ,7,4:18:00 AM,4:29:00 AM,5:52:00 AM,Sunday,$0.0,4,2021
48895,city A,$64.9,9,acjde, $7.2 ,5,3:11:00 AM,3:20:00 AM,4:29:00 AM,Friday,$0.0,4,2020
26654,city C,$14.4,2,wehqk, $7.2 ,4,12:13:00 AM,12:22:00 AM,12:39:00 AM,Thursday,$0.0,5,2019
99165,city C,$14.4,2,wehqk, $7.2 ,5,12:10:00 AM,12:20:00 AM,1:13:00 AM,Friday,$0.0,5,2020
20098,city B,$28.6,4,bjdwe, $7.2 ,4,3:08:00 AM,3:17:00 AM,3:28:00 AM,Thursday,$0.0,4,2022
157229,city A,$28.6,4,acjde, $7.2 ,4,8:51:00 PM,9:00:00 PM,9:20:00 PM,Thursday,$0.0,4,2020
5550,city C,$28.6,4,wehqk, $7.2 ,4,8:30:00 PM,8:41:00 PM,10:04:00 PM,Thursday,$0.0,3,2019
88846,city A,$78.7,11,acjde, $7.2 ,3,2:16:00 AM,2:25:00 AM,3:49:00 AM,Wednesday,$0.0,3,2020
12708,city C,$78.7,11,wehqk, $7.2 ,2,2:33:00 AM,2:42:00 AM,3:43:00 AM,Tuesday,$0.0,5,2019
10636,city C,$78.7,11,wehqk, $7.2 ,5,8:29:00 PM,8:39:00 PM,9:58:00 PM,Friday,$0.0,5,2022
1747,city B,$28.6,4,bjdwe, $7.2 ,6,2:16:00 AM,2:25:00 AM,2:49:00 AM,Saturday,$0.0,4,2021
5210,city C,$28.6,4,wehqk, $7.2 ,4,4:05:00 AM,4:15:00 AM,4:46:00 AM,Thursday,$0.0,5,2020
85445,city B,$92.9,13,bjdwe, $7.1 ,5,1:19:00 AM,1:29:00 AM,1:41:00 AM,Friday,$0.0,4,2020
12871,city A,$92.9,13,acjde, $7.1 ,3,11:13:00 PM,11:24:00 PM,11:50:00 PM,Wednesday,$0.0,3,2019
42853,city B,$92.9,13,bjdwe, $7.1 ,2,8:43:00 PM,8:52:00 PM,10:28:00 PM,Tuesday,$0.0,4,2022
1895,city B,$92.9,13,bjdwe, $7.1 ,7,8:05:00 PM,8:15:00 PM,9:04:00 PM,Sunday,$0.0,5,2021
35636,city B,$92.9,13,bjdwe, $7.1 ,7,10:11:00 PM,10:20:00 PM,11:54:00 PM,Sunday,$0.0,3,2020
489,city A,$14.3,2,acjde, $7.1 ,6,3:30:00 AM,3:41:00 AM,4:26:00 AM,Saturday,$0.0,5,2019
83814,city A,$14.3,2,acjde, $7.1 ,1,2:25:00 AM,2:34:00 AM,2:46:00 AM,Monday,$0.0,3,2019
1961,city C,$28.5,4,wehqk, $7.1 ,1,8:25:00 PM,8:34:00 PM,9:21:00 PM,Monday,$0.0,4,2021
85535,city C,$64.1,9,wehqk, $7.1 ,7,2:01:00 AM,2:11:00 AM,3:12:00 AM,Sunday,$0.0,3,2022
1639,city B,$64.1,9,bjdwe, $7.1 ,1,2:30:00 AM,2:39:00 AM,3:45:00 AM,Monday,$0.0,5,2021
68759,city C,$64.1,9,wehqk, $7.1 ,4,4:10:00 AM,4:20:00 AM,4:52:00 AM,Thursday,$0.0,4,2019
93954,city B,$78.3,11,bjdwe, $7.1 ,2,3:38:00 AM,3:47:00 AM,5:35:00 AM,Tuesday,$0.0,5,2021
7375,city C,$78.3,11,wehqk, $7.1 ,5,5:28:00 AM,5:37:00 AM,6:04:00 AM,Friday,$0.0,5,2022
6286,city B,$78.3,11,bjdwe, $7.1 ,7,4:06:00 AM,4:15:00 AM,5:44:00 AM,Sunday,$0.0,3,2020
7415,city B,$71.0,10,bjdwe, $7.1 ,5,2:03:00 AM,2:14:00 AM,3:16:00 AM,Friday,$0.0,4,2021
2541,city C,$71.0,10,wehqk, $7.1 ,7,3:19:00 AM,3:29:00 AM,3:41:00 AM,Sunday,$0.0,4,2019
32411,city A,$71.0,10,acjde, $7.1 ,5,8:53:00 PM,9:03:00 PM,10:40:00 PM,Friday,$0.0,5,2020
104967,city A,$70.6,10,acjde, $7.1 ,3,2:16:00 AM,2:26:00 AM,3:11:00 AM,Wednesday,$0.0,4,2022
88854,city B,$70.6,10,bjdwe, $7.1 ,3,4:27:00 AM,4:36:00 AM,5:13:00 AM,Wednesday,$0.0,3,2022
57105,city B,$70.6,10,bjdwe, $7.1 ,1,8:20:00 PM,8:29:00 PM,8:43:00 PM,Monday,$0.0,3,2022
1376,city A,$70.5,10,acjde, $7.0 ,5,3:43:00 AM,3:54:00 AM,5:44:00 AM,Friday,$0.0,3,2019
2840,city C,$70.5,10,wehqk, $7.0 ,1,8:03:00 PM,8:12:00 PM,9:21:00 PM,Monday,$0.0,4,2019
550,city B,$70.5,10,bjdwe, $7.0 ,3,3:10:00 AM,3:19:00 AM,4:41:00 AM,Wednesday,$0.0,5,2019
56015,city A,$14.1,2,acjde, $7.0 ,7,2:43:00 AM,2:54:00 AM,4:14:00 AM,Sunday,$0.0,5,2020
92481,city B,$14.1,2,bjdwe, $7.0 ,3,3:01:00 AM,3:12:00 AM,4:41:00 AM,Wednesday,$0.0,5,2022
83814,city A,$14.1,2,acjde, $7.0 ,6,2:57:00 AM,3:07:00 AM,4:24:00 AM,Saturday,$0.0,3,2019
1808,city C,$28.1,4,wehqk, $7.0 ,1,2:35:00 AM,2:46:00 AM,3:15:00 AM,Monday,$0.0,4,2022
10342,city C,$28.0,4,wehqk, $7.0 ,1,8:49:00 PM,8:59:00 PM,9:31:00 PM,Monday,$0.0,5,2020
1608,city A,$21.0,3,acjde, $7.0 ,1,2:11:00 AM,2:22:00 AM,4:04:00 AM,Monday,$0.0,1,2019
88846,city A,$14.0,2,acjde, $7.0 ,5,10:23:00 PM,10:32:00 PM,12:04:00 AM,Friday,$0.0,1,2020
63262,city A,$14.0,2,acjde, $7.0 ,6,8:29:00 PM,8:38:00 PM,9:50:00 PM,Saturday,$0.0,1,2021
79136,city A,$84.0,12,acjde, $7.0 ,6,3:05:00 AM,3:16:00 AM,4:57:00 AM,Saturday,$0.0,3,2020
4010,city B,$14.0,2,bjdwe, $7.0 ,7,2:46:00 AM,2:56:00 AM,3:11:00 AM,Sunday,$0.0,5,2022
23309,city B,$14.0,2,bjdwe, $7.0 ,3,2:33:00 AM,2:42:00 AM,3:23:00 AM,Wednesday,$0.0,3,2020
157229,city A,$14.0,2,acjde, $7.0 ,5,2:53:00 AM,3:03:00 AM,4:05:00 AM,Friday,$0.0,3,2020
91070,city B,$84.0,12,bjdwe, $7.0 ,5,2:49:00 AM,2:58:00 AM,3:34:00 AM,Friday,$0.0,4,2021
3982,city B,$84.0,12,bjdwe, $7.0 ,4,8:56:00 PM,9:06:00 PM,10:58:00 PM,Thursday,$0.0,5,2019
77550,city C,$27.9,4,wehqk, $7.0 ,5,2:34:00 AM,2:44:00 AM,3:00:00 AM,Friday,$0.0,5,2020
7682,city B,$20.9,3,bjdwe, $7.0 ,4,2:11:00 AM,2:22:00 AM,3:48:00 AM,Thursday,$0.0,3,2020
85535,city C,$20.9,3,wehqk, $7.0 ,2,3:05:00 AM,3:14:00 AM,4:25:00 AM,Tuesday,$0.0,4,2022
12871,city A,$20.9,3,acjde, $7.0 ,7,8:49:00 PM,8:58:00 PM,9:19:00 PM,Sunday,$0.0,1,2019
43051,city C,$27.7,4,wehqk, $6.9 ,3,2:19:00 AM,2:30:00 AM,4:22:00 AM,Wednesday,$0.0,4,2021
9795,city B,$13.8,2,bjdwe, $6.9 ,3,4:40:00 AM,4:51:00 AM,6:35:00 AM,Wednesday,$0.0,3,2021
106572,city C,$13.8,2,wehqk, $6.9 ,7,4:00:00 AM,4:11:00 AM,5:27:00 AM,Sunday,$0.0,5,2019
113424,city B,$13.8,2,bjdwe, $6.9 ,1,1:41:00 AM,1:52:00 AM,3:48:00 AM,Monday,$0.0,4,2019
6081,city A,$47.9,7,acjde, $6.8 ,1,3:34:00 AM,3:45:00 AM,4:08:00 AM,Monday,$0.0,1,2019
14189,city B,$47.9,7,bjdwe, $6.8 ,2,3:29:00 AM,3:40:00 AM,5:30:00 AM,Tuesday,$0.0,4,2020
6245,city B,$41.0,6,bjdwe, $6.8 ,4,9:35:00 PM,9:45:00 PM,10:25:00 PM,Thursday,$0.0,4,2022
101840,city C,$27.2,4,wehqk, $6.8 ,1,1:29:00 AM,1:39:00 AM,1:44:00 AM,Monday,$0.0,5,2020
6116,city B,$27.2,4,bjdwe, $6.8 ,2,1:31:00 AM,1:41:00 AM,3:09:00 AM,Tuesday,$0.0,5,2021
929,city C,$40.8,6,wehqk, $6.8 ,1,12:36:00 AM,12:46:00 AM,2:24:00 AM,Monday,$0.0,4,2021
68236,city A,$40.8,6,acjde, $6.8 ,6,1:11:00 AM,1:20:00 AM,2:02:00 AM,Saturday,$0.0,1,2020
105065,city B,$47.1,7,bjdwe, $6.7 ,2,2:05:00 AM,2:16:00 AM,3:11:00 AM,Tuesday,$0.0,4,2022
19446,city B,$47.1,7,bjdwe, $6.7 ,2,5:09:00 AM,5:20:00 AM,5:42:00 AM,Tuesday,$0.0,3,2020
10415,city B,$13.4,2,bjdwe, $6.7 ,3,4:08:00 AM,4:17:00 AM,5:07:00 AM,Wednesday,$0.0,5,2021
1841,city A,$13.4,2,acjde, $6.7 ,6,8:07:00 PM,8:18:00 PM,9:36:00 PM,Saturday,$0.0,1,2022
2639,city C,$13.4,2,wehqk, $6.7 ,2,3:00:00 AM,3:09:00 AM,3:44:00 AM,Tuesday,$0.0,4,2022
10178,city A,$40.1,6,acjde, $6.7 ,1,3:21:00 AM,3:30:00 AM,4:23:00 AM,Monday,$0.0,1,2021
82994,city C,$33.4,5,wehqk, $6.7 ,7,2:20:00 AM,2:31:00 AM,2:59:00 AM,Sunday,$0.0,4,2021
18376,city A,$20.0,3,acjde, $6.7 ,3,8:14:00 PM,8:25:00 PM,10:16:00 PM,Wednesday,$0.0,1,2019
11724,city A,$100.0,15,acjde, $6.7 ,5,5:03:00 AM,5:13:00 AM,6:36:00 AM,Friday,$0.0,1,2019
92300,city A,$100.0,15,acjde, $6.7 ,1,2:13:00 AM,2:22:00 AM,3:28:00 AM,Monday,$0.0,1,2020
4052,city A,$33.3,5,acjde, $6.7 ,2,2:44:00 AM,2:54:00 AM,4:00:00 AM,Tuesday,$0.0,1,2021
54344,city C,$52.9,8,wehqk, $6.6 ,3,4:16:00 AM,4:25:00 AM,4:28:00 AM,Wednesday,$0.0,3,2020
1833,city C,$52.9,8,wehqk, $6.6 ,6,5:09:00 AM,5:18:00 AM,6:06:00 AM,Saturday,$0.0,5,2020
12708,city C,$52.9,8,wehqk, $6.6 ,3,8:27:00 PM,8:37:00 PM,8:47:00 PM,Wednesday,$0.0,5,2019
86627,city C,$52.9,8,wehqk, $6.6 ,5,7:39:00 PM,7:48:00 PM,7:57:00 PM,Friday,$0.0,5,2019
156011,city B,$52.9,8,bjdwe, $6.6 ,6,1:36:00 AM,1:47:00 AM,2:52:00 AM,Saturday,$0.0,5,2019
77550,city C,$39.6,6,wehqk, $6.6 ,1,3:07:00 AM,3:18:00 AM,3:25:00 AM,Monday,$0.0,5,2020
1719,city A,$52.7,8,acjde, $6.6 ,2,1:36:00 AM,1:47:00 AM,1:49:00 AM,Tuesday,$0.0,1,2019
11551,city A,$52.7,8,acjde, $6.6 ,5,4:15:00 AM,4:25:00 AM,5:22:00 AM,Friday,$0.0,1,2021
8279,city B,$52.7,8,bjdwe, $6.6 ,4,2:30:00 AM,2:41:00 AM,4:11:00 AM,Thursday,$0.0,5,2020
66730,city C,$52.7,8,wehqk, $6.6 ,2,2:59:00 AM,3:09:00 AM,3:55:00 AM,Tuesday,$0.0,5,2020
61941,city A,$52.7,8,acjde, $6.6 ,7,9:57:00 PM,10:06:00 PM,11:30:00 PM,Sunday,$0.0,1,2021
11264,city C,$13.1,2,wehqk, $6.6 ,7,2:38:00 AM,2:49:00 AM,4:45:00 AM,Sunday,$0.0,4,2021
8059,city C,$13.1,2,wehqk, $6.6 ,2,4:35:00 AM,4:44:00 AM,6:39:00 AM,Tuesday,$0.0,3,2021
113471,city B,$13.1,2,bjdwe, $6.6 ,2,2:36:00 AM,2:46:00 AM,3:10:00 AM,Tuesday,$0.0,3,2022
197628,city A,$52.3,8,acjde, $6.5 ,7,11:31:00 PM,11:40:00 PM,1:33:00 AM,Sunday,$0.0,1,2019
13496,city C,$52.3,8,wehqk, $6.5 ,1,8:29:00 PM,8:39:00 PM,9:56:00 PM,Monday,$0.0,5,2022
78549,city B,$52.3,8,bjdwe, $6.5 ,6,3:26:00 AM,3:37:00 AM,5:19:00 AM,Saturday,$0.0,3,2019
5866,city B,$52.3,8,bjdwe, $6.5 ,2,2:46:00 AM,2:57:00 AM,2:58:00 AM,Tuesday,$0.0,3,2020
1384,city C,$52.3,8,wehqk, $6.5 ,4,8:26:00 PM,8:35:00 PM,10:02:00 PM,Thursday,$0.0,3,2020
13807,city A,$26.1,4,acjde, $6.5 ,1,2:57:00 AM,3:07:00 AM,4:58:00 AM,Monday,$0.0,1,2021
93902,city B,$65.1,10,bjdwe, $6.5 ,2,2:16:00 AM,2:26:00 AM,3:34:00 AM,Tuesday,$0.0,5,2019
14519,city B,$65.1,10,bjdwe, $6.5 ,7,7:14:00 PM,7:25:00 PM,7:48:00 PM,Sunday,$0.0,5,2022
104645,city B,$65.1,10,bjdwe, $6.5 ,3,8:14:00 PM,8:24:00 PM,8:30:00 PM,Wednesday,$0.0,4,2021
1608,city A,$13.0,2,acjde, $6.5 ,1,3:15:00 AM,3:26:00 AM,5:03:00 AM,Monday,$0.0,1,2019
1608,city A,$13.0,2,acjde, $6.5 ,4,1:02:00 AM,1:13:00 AM,1:19:00 AM,Thursday,$0.0,1,2019
1608,city A,$13.0,2,acjde, $6.5 ,4,7:10:00 PM,7:20:00 PM,8:58:00 PM,Thursday,$0.0,1,2019
1608,city A,$13.0,2,acjde, $6.5 ,7,8:18:00 PM,8:27:00 PM,9:22:00 PM,Sunday,$0.0,1,2019
1608,city A,$13.0,2,acjde, $6.5 ,2,8:41:00 PM,8:51:00 PM,10:48:00 PM,Tuesday,$0.0,1,2019
112302,city B,$13.0,2,bjdwe, $6.5 ,7,11:19:00 PM,11:28:00 PM,1:09:00 AM,Sunday,$0.0,3,2022
77988,city A,$13.0,2,acjde, $6.5 ,7,2:21:00 AM,2:32:00 AM,3:32:00 AM,Sunday,$0.0,1,2022
113442,city A,$13.0,2,acjde, $6.5 ,1,9:18:00 PM,9:28:00 PM,9:41:00 PM,Monday,$0.0,1,2022
6286,city B,$13.0,2,bjdwe, $6.5 ,2,9:04:00 PM,9:14:00 PM,10:43:00 PM,Tuesday,$0.0,4,2020
80030,city C,$13.0,2,wehqk, $6.5 ,5,8:45:00 PM,8:54:00 PM,10:42:00 PM,Friday,$0.0,5,2019
79657,city C,$13.0,2,wehqk, $6.5 ,5,8:17:00 PM,8:28:00 PM,9:21:00 PM,Friday,$0.0,5,2021
7737,city C,$13.0,2,wehqk, $6.5 ,7,8:47:00 PM,8:58:00 PM,9:08:00 PM,Sunday,$0.0,5,2020
64488,city B,$19.4,3,bjdwe, $6.5 ,6,3:18:00 AM,3:29:00 AM,4:16:00 AM,Saturday,$0.0,4,2020
9189,city C,$19.4,3,wehqk, $6.5 ,6,8:44:00 PM,8:55:00 PM,9:25:00 PM,Saturday,$0.0,5,2019
26654,city C,$19.4,3,wehqk, $6.5 ,2,12:49:00 AM,12:58:00 AM,1:31:00 AM,Tuesday,$0.0,4,2019
31,city B,$71.1,11,bjdwe, $6.5 ,1,3:20:00 AM,3:29:00 AM,5:07:00 AM,Monday,$0.0,4,2022
86627,city C,$71.1,11,wehqk, $6.5 ,2,2:12:00 AM,2:21:00 AM,3:04:00 AM,Tuesday,$0.0,4,2019
92300,city A,$71.1,11,acjde, $6.5 ,5,2:48:00 AM,2:59:00 AM,3:42:00 AM,Friday,$0.0,1,2020
91848,city B,$70.9,11,bjdwe, $6.4 ,7,12:23:00 AM,12:32:00 AM,1:11:00 AM,Sunday,$0.0,3,2019
31,city B,$70.9,11,bjdwe, $6.4 ,5,8:40:00 PM,8:51:00 PM,10:17:00 PM,Friday,$0.0,3,2022
81139,city C,$70.9,11,wehqk, $6.4 ,5,2:59:00 AM,3:09:00 AM,4:06:00 AM,Friday,$0.0,5,2021
199817,city B,$19.3,3,bjdwe, $6.4 ,1,2:53:00 AM,3:04:00 AM,3:28:00 AM,Monday,$0.0,4,2020
57721,city C,$19.3,3,wehqk, $6.4 ,3,11:52:00 PM,12:02:00 AM,12:36:00 AM,Wednesday,$0.0,3,2021
88854,city B,$45.0,7,bjdwe, $6.4 ,4,12:39:00 AM,12:49:00 AM,1:32:00 AM,Thursday,$0.0,5,2022
91848,city B,$45.0,7,bjdwe, $6.4 ,5,3:12:00 AM,3:21:00 AM,4:32:00 AM,Friday,$0.0,4,2019
62744,city B,$83.1,13,bjdwe, $6.4 ,6,4:24:00 AM,4:35:00 AM,5:42:00 AM,Saturday,$0.0,3,2022
1527,city C,$83.1,13,wehqk, $6.4 ,2,8:17:00 PM,8:26:00 PM,8:58:00 PM,Tuesday,$0.0,3,2022
13902,city C,$83.1,13,wehqk, $6.4 ,5,5:06:00 AM,5:15:00 AM,5:44:00 AM,Friday,$0.0,5,2019
7618,city B,$83.1,13,bjdwe, $6.4 ,4,8:30:00 PM,8:41:00 PM,10:38:00 PM,Thursday,$0.0,4,2020
87244,city C,$89.5,14,wehqk, $6.4 ,2,2:33:00 AM,2:42:00 AM,3:54:00 AM,Tuesday,$0.0,5,2022
14495,city C,$89.5,14,wehqk, $6.4 ,7,8:09:00 PM,8:19:00 PM,9:46:00 PM,Sunday,$0.0,5,2019
13948,city A,$89.5,14,acjde, $6.4 ,2,7:31:00 PM,7:42:00 PM,9:31:00 PM,Tuesday,$0.0,1,2019
85535,city C,$89.5,14,wehqk, $6.4 ,4,4:02:00 AM,4:11:00 AM,4:57:00 AM,Thursday,$0.0,5,2022
5866,city B,$89.5,14,bjdwe, $6.4 ,7,8:23:00 PM,8:32:00 PM,9:58:00 PM,Sunday,$0.0,5,2020
198814,city A,$44.7,7,acjde, $6.4 ,6,1:09:00 AM,1:19:00 AM,2:00:00 AM,Saturday,$0.0,1,2022
81133,city A,$44.7,7,acjde, $6.4 ,5,7:43:00 PM,7:52:00 PM,9:34:00 PM,Friday,$0.0,1,2021
91070,city B,$89.4,14,bjdwe, $6.4 ,2,2:36:00 AM,2:46:00 AM,4:27:00 AM,Tuesday,$0.0,5,2021
63674,city A,$89.4,14,acjde, $6.4 ,2,2:25:00 AM,2:36:00 AM,3:35:00 AM,Tuesday,$0.0,1,2022
69801,city C,$89.4,14,wehqk, $6.4 ,1,8:42:00 PM,8:51:00 PM,8:52:00 PM,Monday,$0.0,4,2019
67104,city C,$89.4,14,wehqk, $6.4 ,3,3:43:00 AM,3:54:00 AM,4:33:00 AM,Wednesday,$0.0,4,2022
59776,city A,$95.6,15,acjde, $6.4 ,7,1:38:00 AM,1:48:00 AM,1:54:00 AM,Sunday,$0.0,1,2020
113389,city B,$95.6,15,bjdwe, $6.4 ,7,2:32:00 AM,2:42:00 AM,2:55:00 AM,Sunday,$0.0,4,2021
79657,city C,$127.4,20,wehqk, $6.4 ,3,2:13:00 AM,2:24:00 AM,3:28:00 AM,Wednesday,$0.0,3,2021
103970,city A,$89.2,14,acjde, $6.4 ,7,1:06:00 AM,1:15:00 AM,2:46:00 AM,Sunday,$0.0,1,2019
5804,city A,$89.2,14,acjde, $6.4 ,5,2:01:00 AM,2:11:00 AM,3:37:00 AM,Friday,$0.0,1,2020
3435,city C,$89.2,14,wehqk, $6.4 ,4,8:48:00 PM,8:58:00 PM,9:11:00 PM,Thursday,$0.0,5,2021
8279,city B,$89.2,14,bjdwe, $6.4 ,1,6:17:00 PM,6:28:00 PM,7:39:00 PM,Monday,$0.0,3,2020
25076,city B,$38.2,6,bjdwe, $6.4 ,5,2:18:00 AM,2:29:00 AM,3:51:00 AM,Friday,$0.0,5,2021
79146,city B,$157.1,25,bjdwe, $6.3 ,6,10:39:00 PM,10:49:00 PM,11:17:00 PM,Saturday,$0.0,4,2020
1902,city C,$88.0,14,wehqk, $6.3 ,3,7:01:00 PM,7:10:00 PM,7:40:00 PM,Wednesday,$0.0,4,2021
101840,city C,$88.0,14,wehqk, $6.3 ,3,8:06:00 PM,8:17:00 PM,10:09:00 PM,Wednesday,$0.0,4,2020
60159,city C,$88.0,14,wehqk, $6.3 ,5,5:00:00 AM,5:10:00 AM,5:54:00 AM,Friday,$0.0,4,2021
72989,city B,$75.2,12,bjdwe, $6.3 ,2,1:56:00 AM,2:07:00 AM,2:30:00 AM,Tuesday,$0.0,3,2022
42840,city B,$75.2,12,bjdwe, $6.3 ,4,8:11:00 PM,8:20:00 PM,9:42:00 PM,Thursday,$0.0,3,2019
3964,city A,$75.2,12,acjde, $6.3 ,2,8:13:00 PM,8:23:00 PM,9:08:00 PM,Tuesday,$0.0,1,2022
68742,city A,$75.0,12,acjde, $6.3 ,7,1:06:00 AM,1:15:00 AM,1:39:00 AM,Sunday,$0.0,1,2022
14189,city B,$12.5,2,bjdwe, $6.3 ,3,3:24:00 AM,3:33:00 AM,5:21:00 AM,Wednesday,$0.0,5,2020
91497,city B,$12.5,2,bjdwe, $6.3 ,7,3:04:00 AM,3:15:00 AM,3:41:00 AM,Sunday,$0.0,4,2020
38385,city B,$75.0,12,bjdwe, $6.3 ,6,8:48:00 PM,8:57:00 PM,9:30:00 PM,Saturday,$0.0,3,2020
95807,city C,$75.0,12,wehqk, $6.3 ,4,2:02:00 AM,2:13:00 AM,3:46:00 AM,Thursday,$0.0,4,2022
79435,city A,$56.2,9,acjde, $6.2 ,3,1:59:00 AM,2:09:00 AM,3:24:00 AM,Wednesday,$0.0,1,2022
2562,city A,$56.2,9,acjde, $6.2 ,4,3:00:00 AM,3:11:00 AM,4:19:00 AM,Thursday,$0.0,1,2020
2512,city C,$56.2,9,wehqk, $6.2 ,2,3:03:00 AM,3:14:00 AM,5:00:00 AM,Tuesday,$0.0,3,2020
85878,city C,$68.6,11,wehqk, $6.2 ,6,3:15:00 AM,3:26:00 AM,4:29:00 AM,Saturday,$0.0,4,2021
3009,city B,$68.6,11,bjdwe, $6.2 ,4,8:39:00 PM,8:49:00 PM,9:39:00 PM,Thursday,$0.0,3,2020
9787,city B,$68.6,11,bjdwe, $6.2 ,5,4:11:00 AM,4:22:00 AM,4:57:00 AM,Friday,$0.0,5,2020
1833,city C,$74.8,12,wehqk, $6.2 ,1,2:11:00 AM,2:20:00 AM,3:36:00 AM,Monday,$0.0,4,2020
9563,city A,$74.8,12,acjde, $6.2 ,6,1:21:00 AM,1:30:00 AM,3:04:00 AM,Saturday,$0.0,1,2021
68011,city B,$74.8,12,bjdwe, $6.2 ,7,8:18:00 PM,8:28:00 PM,10:03:00 PM,Sunday,$0.0,4,2019
3728,city A,$74.8,12,acjde, $6.2 ,1,7:59:00 PM,8:09:00 PM,8:52:00 PM,Monday,$0.0,1,2019
11044,city C,$74.8,12,wehqk, $6.2 ,5,9:09:00 PM,9:18:00 PM,9:51:00 PM,Friday,$0.0,4,2021
83814,city A,$87.0,14,acjde, $6.2 ,5,2:03:00 AM,2:13:00 AM,2:54:00 AM,Friday,$0.0,1,2019
33039,city C,$87.0,14,wehqk, $6.2 ,6,8:23:00 PM,8:32:00 PM,9:50:00 PM,Saturday,$0.0,3,2019
13567,city A,$87.0,14,acjde, $6.2 ,2,3:16:00 AM,3:25:00 AM,4:40:00 AM,Tuesday,$0.0,1,2020
75877,city B,$37.2,6,bjdwe, $6.2 ,1,2:01:00 AM,2:10:00 AM,4:08:00 AM,Monday,$0.0,4,2021
102289,city A,$37.2,6,acjde, $6.2 ,7,3:39:00 AM,3:50:00 AM,4:24:00 AM,Sunday,$0.0,1,2020
1173,city A,$43.3,7,acjde, $6.2 ,2,12:45:00 AM,12:54:00 AM,1:31:00 AM,Tuesday,$0.0,1,2021
92808,city B,$43.3,7,bjdwe, $6.2 ,3,7:03:00 PM,7:14:00 PM,7:20:00 PM,Wednesday,$0.0,5,2021
68226,city C,$24.7,4,wehqk, $6.2 ,6,7:25:00 PM,7:35:00 PM,9:14:00 PM,Saturday,$0.0,4,2021
3435,city C,$98.3,16,wehqk, $6.1 ,2,10:33:00 PM,10:44:00 PM,12:28:00 AM,Tuesday,$0.0,5,2021
1961,city C,$98.3,16,wehqk, $6.1 ,4,3:01:00 AM,3:12:00 AM,3:59:00 AM,Thursday,$0.0,3,2021
6711,city B,$98.3,16,bjdwe, $6.1 ,6,8:28:00 PM,8:39:00 PM,9:18:00 PM,Saturday,$0.0,4,2020
106154,city C,$85.8,14,wehqk, $6.1 ,6,2:48:00 AM,2:58:00 AM,3:49:00 AM,Saturday,$0.0,4,2021
3000,city B,$85.8,14,bjdwe, $6.1 ,5,10:20:00 PM,10:30:00 PM,11:48:00 PM,Friday,$0.0,5,2021
11148,city B,$73.4,12,bjdwe, $6.1 ,1,1:51:00 AM,2:00:00 AM,2:30:00 AM,Monday,$0.0,5,2021
36702,city C,$73.4,12,wehqk, $6.1 ,7,1:51:00 AM,2:00:00 AM,3:07:00 AM,Sunday,$0.0,3,2020
81133,city A,$73.4,12,acjde, $6.1 ,1,2:24:00 AM,2:33:00 AM,3:02:00 AM,Monday,$0.0,1,2021
75007,city A,$73.4,12,acjde, $6.1 ,2,8:36:00 PM,8:46:00 PM,9:51:00 PM,Tuesday,$0.0,1,2022
1934,city A,$73.4,12,acjde, $6.1 ,4,12:15:00 AM,12:24:00 AM,2:19:00 AM,Thursday,$0.0,1,2021
101840,city C,$91.5,15,wehqk, $6.1 ,1,2:47:00 AM,2:58:00 AM,4:07:00 AM,Monday,$0.0,3,2020
4093,city C,$91.5,15,wehqk, $6.1 ,5,8:14:00 PM,8:23:00 PM,9:58:00 PM,Friday,$0.0,3,2019
899,city C,$91.3,15,wehqk, $6.1 ,4,1:05:00 AM,1:16:00 AM,2:13:00 AM,Thursday,$0.0,5,2022
99165,city C,$91.3,15,wehqk, $6.1 ,2,2:59:00 AM,3:08:00 AM,4:01:00 AM,Tuesday,$0.0,5,2020
1661,city C,$73.0,12,wehqk, $6.1 ,2,1:32:00 AM,1:42:00 AM,2:10:00 AM,Tuesday,$0.0,3,2020
64488,city B,$73.0,12,bjdwe, $6.1 ,7,4:27:00 AM,4:36:00 AM,6:13:00 AM,Sunday,$0.0,4,2020
6903,city C,$73.0,12,wehqk, $6.1 ,3,8:29:00 PM,8:39:00 PM,8:46:00 PM,Wednesday,$0.0,5,2019
79259,city A,$73.0,12,acjde, $6.1 ,1,12:36:00 AM,12:46:00 AM,1:08:00 AM,Monday,$0.0,1,2021
194008,city C,$24.3,4,wehqk, $6.1 ,6,1:22:00 AM,1:32:00 AM,1:51:00 AM,Saturday,$0.0,4,2022
87244,city C,$12.1,2,wehqk, $6.1 ,6,2:09:00 AM,2:20:00 AM,3:50:00 AM,Saturday,$0.0,5,2022
7248,city A,$42.4,7,acjde, $6.1 ,5,8:43:00 PM,8:53:00 PM,10:32:00 PM,Friday,$0.0,1,2020
7141,city A,$42.4,7,acjde, $6.1 ,5,8:33:00 PM,8:43:00 PM,10:38:00 PM,Friday,$0.0,1,2021
15587,city C,$42.4,7,wehqk, $6.1 ,4,4:23:00 AM,4:33:00 AM,4:49:00 AM,Thursday,$0.0,5,2019
87244,city C,$30.2,5,wehqk, $6.0 ,1,4:14:00 AM,4:25:00 AM,5:52:00 AM,Monday,$0.0,4,2022
72989,city B,$24.1,4,bjdwe, $6.0 ,4,4:29:00 AM,4:40:00 AM,6:35:00 AM,Thursday,$0.0,5,2022
8007,city A,$90.0,15,acjde, $6.0 ,7,9:59:00 PM,10:08:00 PM,12:00:00 AM,Sunday,$0.0,1,2021
67988,city C,$30.0,5,wehqk, $6.0 ,3,4:43:00 AM,4:54:00 AM,5:44:00 AM,Wednesday,$0.0,4,2021
17297,city C,$18.0,3,wehqk, $6.0 ,1,3:33:00 AM,3:42:00 AM,4:07:00 AM,Monday,$0.0,4,2022
3433,city C,$18.0,3,wehqk, $6.0 ,4,2:26:00 AM,2:36:00 AM,3:00:00 AM,Thursday,$0.0,5,2022
3319,city C,$90.0,15,wehqk, $6.0 ,1,6:40:00 PM,6:51:00 PM,8:38:00 PM,Monday,$0.0,3,2020
10580,city C,$90.0,15,wehqk, $6.0 ,4,8:17:00 PM,8:28:00 PM,9:43:00 PM,Thursday,$0.0,3,2020
113471,city B,$18.0,3,bjdwe, $6.0 ,3,2:56:00 AM,3:05:00 AM,3:50:00 AM,Wednesday,$0.0,3,2022
48895,city A,$18.0,3,acjde, $6.0 ,4,8:39:00 PM,8:48:00 PM,10:32:00 PM,Thursday,$0.0,1,2020
9792,city C,$18.0,3,wehqk, $6.0 ,3,12:34:00 AM,12:45:00 AM,12:55:00 AM,Wednesday,$0.0,5,2021
105568,city C,$18.0,3,wehqk, $6.0 ,3,8:04:00 PM,8:14:00 PM,9:14:00 PM,Wednesday,$0.0,3,2022
156011,city B,$90.0,15,bjdwe, $6.0 ,4,3:39:00 AM,3:48:00 AM,5:47:00 AM,Thursday,$0.0,4,2019
2474,city A,$29.5,5,acjde, $5.9 ,6,2:21:00 AM,2:32:00 AM,3:45:00 AM,Saturday,$0.0,1,2019
93954,city B,$80.0,14,bjdwe, $5.7 ,3,2:05:00 AM,2:14:00 AM,3:38:00 AM,Wednesday,$0.0,5,2021
95807,city C,$28.1,5,wehqk, $5.6 ,7,4:39:00 AM,4:49:00 AM,5:17:00 AM,Sunday,$0.0,3,2022
13595,city B,$28.0,5,bjdwe, $5.6 ,2,1:32:00 AM,1:43:00 AM,1:48:00 AM,Tuesday,$0.0,5,2020
550,city B,$27.5,5,bjdwe, $5.5 ,6,8:14:00 PM,8:25:00 PM,9:34:00 PM,Saturday,$0.0,4,2019
24920,city C,$16.5,3,wehqk, $5.5 ,1,8:44:00 PM,8:54:00 PM,9:21:00 PM,Monday,$0.0,5,2020
157229,city A,$27.5,5,acjde, $5.5 ,2,2:57:00 AM,3:08:00 AM,4:27:00 AM,Tuesday,$0.0,1,2020
87244,city C,$16.5,3,wehqk, $5.5 ,1,8:09:00 PM,8:19:00 PM,10:00:00 PM,Monday,$0.0,3,2022
85535,city C,$11.0,2,wehqk, $5.5 ,6,2:59:00 AM,3:10:00 AM,3:45:00 AM,Saturday,$0.0,4,2022
22580,city B,$11.0,2,bjdwe, $5.5 ,4,1:04:00 AM,1:15:00 AM,2:11:00 AM,Thursday,$0.0,5,2019
158147,city C,$16.5,3,wehqk, $5.5 ,7,8:29:00 PM,8:39:00 PM,9:12:00 PM,Sunday,$0.0,3,2022
13526,city B,$11.0,2,bjdwe, $5.5 ,5,1:59:00 AM,2:10:00 AM,2:28:00 AM,Friday,$0.0,3,2020
3201,city B,$27.3,5,bjdwe, $5.5 ,3,8:12:00 PM,8:23:00 PM,10:06:00 PM,Wednesday,$0.0,5,2020
5538,city B,$27.3,5,bjdwe, $5.5 ,2,1:46:00 AM,1:56:00 AM,3:24:00 AM,Tuesday,$0.0,4,2020
13567,city A,$27.1,5,acjde, $5.4 ,5,4:24:00 AM,4:35:00 AM,4:36:00 AM,Friday,$0.0,1,2020
65433,city A,$26.9,5,acjde, $5.4 ,1,6:02:00 PM,6:11:00 PM,7:18:00 PM,Monday,$0.0,1,2022
967,city A,$26.9,5,acjde, $5.4 ,1,3:10:00 AM,3:19:00 AM,4:06:00 AM,Monday,$0.0,1,2022
44301,city B,$16.0,3,bjdwe, $5.3 ,4,3:22:00 AM,3:32:00 AM,4:40:00 AM,Thursday,$0.0,5,2020
95286,city B,$16.0,3,bjdwe, $5.3 ,4,8:23:00 PM,8:32:00 PM,9:15:00 PM,Thursday,$0.0,3,2021
197628,city A,$16.0,3,acjde, $5.3 ,6,12:39:00 AM,12:50:00 AM,1:06:00 AM,Saturday,$0.0,1,2019
199817,city B,$16.0,3,bjdwe, $5.3 ,1,9:19:00 PM,9:28:00 PM,11:12:00 PM,Monday,$0.0,3,2020
6710,city A,$16.0,3,acjde, $5.3 ,2,6:52:00 PM,7:02:00 PM,7:40:00 PM,Tuesday,$0.0,1,2020
45831,city A,$16.0,3,acjde, $5.3 ,3,2:14:00 AM,2:24:00 AM,2:37:00 AM,Wednesday,$0.0,1,2020
82591,city A,$16.0,3,acjde, $5.3 ,2,4:20:00 AM,4:29:00 AM,6:11:00 AM,Tuesday,$0.0,1,2022
113304,city C,$16.0,3,wehqk, $5.3 ,3,9:35:00 PM,9:44:00 PM,10:48:00 PM,Wednesday,$0.0,5,2020
90330,city C,$16.0,3,wehqk, $5.3 ,4,6:24:00 PM,6:33:00 PM,7:19:00 PM,Thursday,$0.0,5,2020
14519,city B,$16.0,3,bjdwe, $5.3 ,7,2:13:00 AM,2:24:00 AM,2:33:00 AM,Sunday,$0.0,5,2022
190419,city C,$16.0,3,wehqk, $5.3 ,4,2:54:00 AM,3:05:00 AM,4:48:00 AM,Thursday,$0.0,5,2020
42240,city C,$16.0,3,wehqk, $5.3 ,5,9:20:00 PM,9:30:00 PM,10:31:00 PM,Friday,$0.0,4,2019
95286,city B,$16.0,3,bjdwe, $5.3 ,5,3:13:00 AM,3:22:00 AM,5:02:00 AM,Friday,$0.0,3,2021
197628,city A,$16.0,3,acjde, $5.3 ,4,4:15:00 AM,4:25:00 AM,5:31:00 AM,Thursday,$0.0,1,2019
190419,city C,$16.0,3,wehqk, $5.3 ,3,8:18:00 PM,8:29:00 PM,10:11:00 PM,Wednesday,$0.0,3,2020
109447,city B,$16.0,3,bjdwe, $5.3 ,6,8:15:00 PM,8:25:00 PM,10:05:00 PM,Saturday,$0.0,4,2021
113389,city B,$26.3,5,bjdwe, $5.3 ,2,2:56:00 AM,3:05:00 AM,3:08:00 AM,Tuesday,$0.0,3,2021
1171,city C,$26.3,5,wehqk, $5.3 ,7,2:20:00 AM,2:30:00 AM,2:58:00 AM,Sunday,$0.0,5,2022
85878,city C,$26.0,5,wehqk, $5.2 ,7,3:45:00 AM,3:54:00 AM,4:29:00 AM,Sunday,$0.0,4,2021
9874,city A,$26.0,5,acjde, $5.2 ,7,1:06:00 AM,1:16:00 AM,1:20:00 AM,Sunday,$0.0,1,2021
157562,city A,$10.0,2,acjde, $5.0 ,3,2:20:00 AM,2:29:00 AM,2:38:00 AM,Wednesday,$0.0,1,2019
1376,city A,$10.0,2,acjde, $5.0 ,1,8:14:00 PM,8:24:00 PM,9:26:00 PM,Monday,$0.0,1,2019
2177,city A,$15.0,3,acjde, $5.0 ,2,7:05:00 PM,7:16:00 PM,9:02:00 PM,Tuesday,$0.0,1,2019
157562,city A,$15.0,3,acjde, $5.0 ,7,2:04:00 AM,2:15:00 AM,2:30:00 AM,Sunday,$0.0,1,2019
38890,city B,$70.0,14,bjdwe, $5.0 ,2,1:02:00 AM,1:12:00 AM,1:52:00 AM,Tuesday,$0.0,3,2020
105065,city B,$20.1,5,bjdwe, $4.0 ,1,4:23:00 AM,4:33:00 AM,5:13:00 AM,Monday,$0.0,4,2022
